Source,Target
KarlinaaNina,hidzhnslm
gyukimme,caratstalk
firmanadhi_p,Dampoz
Legislator75,CNNIndonesia
dudskeeyy,diekycahyana
f___yp,KoyimusSidik
f___yp,kumparan
f___yp,adwibasuki
31r4_u7h4w,tempodotco
dinoridgid,tanyarlfes
dinoridgid,kataavana
dinoridgid,noxxignature
CahyoMahanani,ZakkiAmali
widddsssss,yourvunny
widddsssss,thalissuffering
rogue_mercenary,ferrymahmud
rogue_mercenary,ridwanhr
iqbalalghi,famajiid
ndlg0x,JurnalAkuntansi
fachryalauddin,prabowo
HasnanAnand,bhaguz_403
masih_kuliah,CNNIndonesia
lisalebe,emgininamakuu
arillavarendra,WagimanDeep212_
arillavarendra,van_tovich
roflumilasted,BudiBukanIntel
RizalFauzan6,FayaAtika
zitomcavalera,Strategi_Bisnis
faridism,kumparan
NgilmuKantiLaku,CNNIndonesia
ickyhp,polisiolahraga
ickyhp,jniferrrr
ickyhp,titisanrendang
Kasayanto_,Mayapada0812
Kasayanto_,geloraco
wietj4k,mozam_05
wietj4k,msaid_didu
wietj4k,jokowi
wietj4k,icik___
wietj4k,SangGedang5357
jnymine,yaniarsim
jnymine,ArayaaVk8429
jnymine,Mattree29
ultramilkyuju,unsoedfess_
KaoruSusuSapi,VRchama
wahju_wibowo,LexWu_13
wietj4k,mozam_05
wietj4k,msaid_didu
wietj4k,jokowi
wietj4k,icik___
wietj4k,SangGedang5357
BrigsOnlineShop,susipudjiastuti
cozyzone666,jokowi
cozyzone666,tvOneNews
Lamno422632,JaenoXTM
fuk_min,kumparan
wisono_,danissasha
roufphysio,AdrianWaworuntu
roufphysio,Coming_soon_8
Petanidesa13,vaniepink
wunderwumen_,moonanneback
masguntur01,NOTASLIMBOY
masguntur01,jajattea80
Kasayanto_,revolutia
tilehopper,blisscotheque
Scouting4you,TradingDiary2
missteepsyy,kochengfs
darmantahu,vaniepink
officialinews_,hnirankara
UmatAkhirZama15,KwetiawJozz
conquerme,om_AL1802
drofxoni,ufuffufff
drofxoni,famajiid
roy1alien,e100ss
ajotegie,iwanfals
moeniccca,sorceressmyr
kring_pajak,Yosheko888
si.oyen.2024,unmagnetism
sarjanashopeee,kacang_godhog
cozyzone666,inilahdotcom
cozyzone666,jokowi
cozyzone666,inilahdotcom
cozyzone666,jokowi
cozyzone666,AKamjaya
Aryanis17917,txtdrjkt
dudskeeyy,yollandamaria
cozyzone666,BayuAngora
F15TY,BaseBDG
F15TY,quantxmleap
irwanchaniago1,tifsembiring
kkmanti,anak_5okin
SENDYYeah,alifahzhou
okino2x,S4N_W1B1
soulofdarkne55,Gerindra
kangparkiir,txtdrjkt
jambi_bro,prabowo
AistillHere,prabowo
one_ted,sanrizzwoo
Gedebus99,txtdrjkt
RamaAdamfaathir,Rajahutan70
RamaAdamfaathir,VIVAcoid
Nebulavexion,sosmedkeras
seryur12,YLBHI
freakincatt0,emeraldafz
Iqlima_uhuy,Penyuka_ombak
Iqlima_uhuy,jokowi
angavatarr,YLBHI
thatsbabayagaa,TeddGus
PutraIranda,prabowo
hamsuryas,NOTASLIMBOY
lucatheia,pearlpufie
MF_Rais,reyreyhan__
prayogiach68717,CakKhum
prayogiach68717,CocoLatii
prayogiach68717,cerpen25
RT_Udeen,putripramess
rudalantarbenua,sneezygirl2
rudalantarbenua,kopididid
rudalantarbenua,_RyanKu
xvbthetic,tanyarlfes
satrio_ari,tanyakanrl
wong_clayten,fajarnugros
Fkhrhsni,modeainin
arhesvisha,SBYudhoyono
arhesvisha,msaid_didu
arhesvisha,abigailimuriaa
arhesvisha,sigitwid
arhesvisha,Y_D_Y_P
arhesvisha,abigailimuriaa
arhesvisha,SherlockGantan
arhesvisha,humaira979
arhesvisha,denismalhotra
masduke_x,PetrolWeeb
hwang_hyunj1n,convomf
zuniarfitrah,sigitwid
notyourbaehehe,starfess
notyourbaehehe,theothentic
cupus909,tanyakanrl
tejawijaya31,BaleBengong
NBR90,tempodotco
KamissWagee,lira1ssl
KamissWagee,cobeh2022
whotfismitty,Ogaman888
whotfismitty,arkassssabbiqe
whotfismitty,footycinephile
Kirana60393630,FayaAtika
MahrezNabil2016,aewin86
MahrezNabil2016,hypergengsi
MahrezNabil2016,vizharra
wawan20609915,ScherazadeMS
alexsetiawan02,RadioElshinta
hendraddict,tempodotco
Armyn_AP,tangguhph_
Armyn_AP,irfantf
roy1alien,detikfinance
MubaraBakar,RadioElshinta
Ogaman888,footycinephile
Ogaman888,hypergengsi
Ogaman888,Demizuu1
Ogaman888,ferdiii220_
Ogaman888,Mealvid
Demizuu1,Ogaman888
Demizuu1,footycinephile
Demizuu1,hypergengsi
Demizuu1,ferdiii220_
Demizuu1,Mealvid
PribumiArema,ronaldy596
kring_pajak,mynameis_g72
CahyoMahanani,tempodotco
abuhanzhalah1,NenkMonica
muhammadun_al,BANGSAygSUJUD
muhammadun_al,prabowo
Earthwithoutyou,aewin86
Earthwithoutyou,hypergengsi
Earthwithoutyou,yusufagro
baesunyrizaldi,ARSIPAJA
jasmineavline,sunkissingpeach
cakkadull,danurumbara
svnelv,ditoverge
svnelv,_mardial_
Alfienzy,asumsico
official99944,BudiBukanIntel
cumaJamal,BosPurwa
cumaJamal,prabowo
cumaJamal,susipudjiastuti
IhsanMuch,jek___
ajoraharjo,ibunya_gian
HidayatMazz,Tan_Mar3M
mochacieno,kleponwajik
mochacieno,footycinephile
opooposihsi007,CakD3pp
wahju_wibowo,jokowi
wahju_wibowo,asumsico
CahyoMahanani,tempodotco
CahyoMahanani,JhonSitorus_18
tegarhafidz,prastow
cherrybuumbz,ony0urmarkiz
Fatih_hoppus,fajarnugros
Ra_meldo,MardaniAliSera
Ra_meldo,prabowo
satia_nagara,Ko_aliong
Kasayanto_,didienAZHAR
Los_Pogos,tidar_pp
Los_Pogos,prabowo
satia_nagara,tempodotco
wannafigh,LexWu_13
amelcewaw,TOM5helby
Abou_Omar20,KompasTV
Abou_Omar20,Dahnilanzar
Abou_Omar20,prabowo
praba127,DjumadiPartose1
praba127,DPR_RI
praba127,AnakPetaniBiasa
rizkyimanpusoko,NenkMonica
zamire,DIDIK_RODENT
zamire,blisonny
a_brecetan,PreciosaKanti
zenstrive,NenkMonica
napierstation,aewin86
berdamai_dungu,TOM5helby
masguntur01,nabiylarisfa
Mr_coolsz,jokowi
Mr_coolsz,Gank_Of_Petojo
Wahid06sulis,NenkMonica
AnakPetaniBiasa,DjumadiPartose1
AnakPetaniBiasa,DPR_RI
PribumiArema,democrazymedia
saplatheamazing,NenkMonica
RAjja072,NenkMonica
Piomonn,aewin86
Faozan_adz,aewin86
Nutmegjazz,NenkMonica
tokyoIune,aewin86
GlHindu,prastow
yourpannn,nabiylarisfa
SOktafitri1304,Yattie2023
SOktafitri1304,bengkeldodo
SOktafitri1304,DokterTifa
SOktafitri1304,Rocky_Antonie
SOktafitri1304,gtobing2903
SOktafitri1304,miggy_joe
put776,tempodotco
irwanrgafar,frans_surya
UCimahi52041,aewin86
UCimahi52041,xquitavee
UCimahi52041,prabowo
alvinsuganda,JurnalAkuntansi
y4n_yodas,CakKhum
dhollyt,CakKhum
kakekapustaja,boahamncook
Ysario_twitz,nabiylarisfa
YusufWi70781128,satriohendri
DiegoSammmuel,alexb14ck
DiegoSammmuel,draftanakunpad2
DiegoSammmuel,fantasshyy
stenlyssimo,CakKhum
rsydy_,nabiylarisfa
PribumiArema,geloraco
be__ruang,vanfikry
MasBolali,sgits1
ara_sofyan,shrlooji
ipin6657379815,democrazymedia
dhollyt,Mdy_Asmara1701
piecesofmeiy,kompascom
si.oyen.2024,capricorn_Meh
si.oyen.2024,nabiylarisfa
sawar1886390,KemenkeuRI
sawar1886390,Heraloebss
sawar1886390,SBYudhoyono
sawar1886390,jokowi
sawar1886390,prabowo
AbuRoufan,CakKhum
fasmufas,tanyarlfes
PribumiArema,Mdy_Asmara1701
Manse_Mangat,PUTRY_NUSANTARA
aditbeem,Mdy_Asmara1701
Abdoeljegger202,AmmarGill
pengemb4r44,PelatihT1dur
bagwoll,tempodotco
frizkin90,jejak_mutan
SyawalSora,AmmarGill
ArikJez,AmmarGill
PeduliAnakNegri,nenglaela93
PeduliAnakNegri,liaasister
Dejavuu33,AmmarGill
Yanzswg,nabiylarisfa
Prihantana23,msaid_didu
BillyAnugrah11,bayuwidodoo
BillyAnugrah11,heriputranto
BillyAnugrah11,prabowo
BillyAnugrah11,Strategi_Bisnis
hwangppil,strayinjeong
Ryu_Umarov13,ezash
wannafigh,raymondchins
ikutnyuit,keuangan
ikutnyuit,keuangannews_id
SOktafitri1304,xquitavee
SOktafitri1304,prabowo
kaizyblue,tanyarlfes
kaizyblue,rrcchjun
kentangmay0,Outstandjing
telenouvela,javascribt
xxxAlinaaa,tanyarlfes
xxxAlinaaa,rrcchjun
kmadytiab,gerryhusaen
kmadytiab,AgusSiswanto789
kmadytiab,Strategi_Bisnis
kmadytiab,h_6usti
kmadytiab,Strategi_Bisnis
leonazhari_,Strategi_Bisnis
Abou_Omar20,MardaniAliSera
mauzakasta,DoankWarto
ManusiaFanaaa,irhamnapermana
ManusiaFanaaa,Strategi_Bisnis
ManusiaFanaaa,irhamnapermana
ManusiaFanaaa,Strategi_Bisnis
SiawFung88,PartaiSocmed
funs_arthaus,hendazay
funs_arthaus,Strategi_Bisnis
Zoetendel,akbarfaizal68
Zoetendel,Franken_blues
tikionly,Saham_fess
sekar_galuh,BudiBukanIntel
_afaz,robyimanuel
shoegazeyy,tempodotco
samhugget,NouraFayruz
Sheptianoctav,txtdrjkt
DakotaGeorgy,blisonny
pugutrigi8,Wilma_83
rogue_mercenary,noire172
YahyaAbdRmn,detikcom
dawiguna,Strategi_Bisnis
tasyajuwita,tempodotco
ukhtielya,Dahnilanzar
ukhtielya,prabowo
ya2nk_usman,hrdbacot
alfasaur_,marjinkiri
RoyThekop,tempodotco
awdyaa,tempodotco
arhesvisha,PartaiSocmed
RedPinapple23,PartaiSocmed
irwnfzii,Outstandjing
dsperdana,hrdbacot
MyIPLogger,Strategi_Bisnis
shutasouma,KemenperinRI
Ronym96650835,matakini
Ronym96650835,Strategi_Bisnis
M4RKHY,KemenperinRI
Moh_Jupri,kompascom
wllyylynto_3,PartaiSocmed
anasrstu,CNNIndonesia
Aiereen_LEE,ARSIPAJA
AGoeci,Strategi_Bisnis
bayuwicak14,kompascom
bacabudipekerti,Strategi_Bisnis
bacabudipekerti,alfredodragovic
alfredodragovic,Strategi_Bisnis
matakini,Strategi_Bisnis
idx_channel,Strategi_Bisnis
arok07_arok,prabowo
isanasisan,ericko_sinuhaji
cumabacabaca,kumparan
wannafigh,LexWu_13
TheFeds24,Strategi_Bisnis
AntonHs1073374,kompascom
adhibroke,LexWu_13
Redgerbil5,Mdy_Asmara1701
Teppen998,ainascnrrmt
kmadytiab,h_6usti
kmadytiab,Strategi_Bisnis
kmadytiab,Strategi_Bisnis
Dodolmeong1,ARSIPAJA
WillaFernando,narkosun
isanasisan,ericko_sinuhaji
_fajar_anugrah,Tuanridwan_
_fajar_anugrah,Strategi_Bisnis
man_tan_x,walhinasional
Almudattsir,jokowi
Almudattsir,AndiSinulingga
Rakyatpantura,UGMYogyakarta
Rakyatpantura,jokowi
Rakyatpantura,tekarok007
Rakyatpantura,MakAmi78781045
shittypostc,AgusMagelangan
shittypostc,firdauszumo
shittypostc,SaulGoodManIndo
SaulGoodManIndo,Muhamma00426238
SaulGoodManIndo,pangeransiahaan
SaulGoodManIndo,fazeprhe
salmonmasehi,FarisSF97
chocolateayel,tanyarlfes
shittypostc,AgusMagelangan
shittypostc,firdauszumo
shittypostc,SaulGoodManIndo
Sadar_waras,Jumianto_RK
onlymernella,tanyarlfes
CuteAbe2,FarisSF97
SaulGoodManIndo,AgusMagelangan
SaulGoodManIndo,firdauszumo
SaulGoodManIndo,shittypostc
Sarcofagus12,KemenperinRI
chikinreesuda46,tanyakanrl
fajarrukmo,kumparan
solelinked,sexpistoIe
psych_89,bank_indonesia
QuinFarah2,pepsicko
ShrimpandSpines,gadogadopare
fajarrukmo,BocorAlusPol
fajarrukmo,ryantoptrwjy
fajarrukmo,hambaamatir45
SaulGoodManIndo,AgusMagelangan
SaulGoodManIndo,firdauszumo
SaulGoodManIndo,shittypostc
SaulGoodManIndo,schonesmadchenn
SaulGoodManIndo,pangeransiahaan
SaulGoodManIndo,king_crimson20
Lanun_1017,kumparan
anakodok2009,toat_solikhin
anakodok2009,gdlmfya
anakodok2009,niwseir
anakodok2009,HjHitler
Yanzswg,BocorAlusPol
Mi73Hel,MuhadklyAcho
Isman_ur,BocorAlusPol
oberonslayer,hrdbacot
nugrahapurnaa,ARSIPAJA
chargerIP,tanyarlfes
sanihanii,tanyarlfes
rogue_mercenary,KemenperinRI
pudinggmanggaa,aimisyueo
cokicokicok1,tanyarlfes
wwonsy,tanyarlfes
JustOrdinay,kucing95649
JustOrdinay,ryotxt46
JustOrdinay,kumparan
MaytheforceB,tanyarlfes
JumardinLubis,kumparan
Valerriene,kumparan
haipanjiishere,BocorAlusPol
haipanjiishere,CoachJustinL
GybrantR53927,NOTASLIMBOY
ffffffffarah,hrdbacot
pramuditabogy,kumparan
Blue_oceanan,TOM5helby
TksMus46494,abu_waras
abu_waras,prabowo
edo_heppy,DedynurPalakka
Ryo59749723,NenkMonica
faridism,kumparan
Erlangga12742,sumadiseloguno
Erlangga12742,kumparan
alamsyahMPA,kompascom
alamsyahMPA,susipudjiastuti
fabydi08,inventaris_mu
fabydi08,bitter_daddy
fabydi08,Jominangg
perlubakwan,itsquaileggs
AqiaqiH,Mr_PrasT_Jr
Arnasamudra,lANZAlNAL
Arnasamudra,KemenperinRI
Arnasamudra,AgusJohann
Arnasamudra,StrwberrySache
snwrmn_,ARSIPAJA
LelaMelani10,mapedos01
sufisijawara,doktermarket
tamathoughtss,YoelSumitro
J_OK_i,vic_hasiholan
J_OK_i,machsstaat
J_OK_i,worksfess
LelaMelani10,CNNIndonesia
FReformasi,worksfess
CokiePramuka,prabowo
CokiePramuka,korantempo
CokiePramuka,prabowo
man_alts,dauss_modjo
man_alts,epenchan
HabisKuota2,susipudjiastuti
japstylecold,Strategi_Bisnis
mas_aro,Strategi_Bisnis
fasqyf,Strategi_Bisnis
noorraya10,CNNIndonesia
cariusernameaja,ardisatriawan
andrerachman01,NenkMonica
Dargomb33306384,CeciliaSuwanda1
Dargomb33306384,Kimberley_PS08
mr_hardi4,flonoviadinda
TAPratamaReds,ARSIPAJA
KreatorMe,IMCMushroom
fajarrusalem,biskims
aasikinn27,NenkMonica
h4rZX1n4,budakbungopujel
h4rZX1n4,hnirankara
wietj4k,DitjenPajakRI
wietj4k,KemenkeuRI
wietj4k,DitjenSEF
tanabatab59596,NenkMonica
kring_pajak,LinaTrianita
LinaTrianita,kring_pajak
bennben99,pendetakaya
bennben99,Strategi_Bisnis
bennben99,Strategi_Bisnis
LASKARP3NGUIN03,emerson_yuntho
ya2nk_usman,BigAlphaID
FelixSGL1,revolutia
fordslator,Strategi_Bisnis
titoprasedya,pejabrut
titoprasedya,hrdbacot
Pecel_Lele5678,ajengcute16__
Rasakimura,detikcom
2024_anies62406,NOTASLIMBOY
Hermandk298887,bpkri
Hermandk298887,korantempo
Hermandk298887,Metro_TV
Hermandk298887,DitjenPajakRI
Hermandk298887,mohmahfudmd
Hermandk298887,prabowo
madularang,SimanjuntakElly
lpkkaltim,gibran_tweet
lpkkaltim,StefanAntonio__
alphacanis_146,detikcom
alphacanis_146,BoedyMard
alphacanis_146,Indonesia_malu
alphacanis_146,prabowo
jjsengui2,JhonSitorus_18
krisxoxom,bawang_goreng01
kimitofutari__,mymaymar
kimitofutari__,geloraco
jangan_bengong,BudiBukanIntel
wongjujur88,DSafiudina
wongjujur88,PngAdilnR4kyt
irfanov,tempodotco
yipyipow,prabowo
Anafatma23,kegblgnunfaedh
johnjayje,detikcom
caramelise93,gmail_great
mahECHAlazuardi,CNNIndonesia
merahdelimas,JukiHoki
RomitsuT,NouraFayruz
RomitsuT,prabowo
fikrialmadjid,txtdrimedia
ardelduleo,mwontea
kacariburaya,OxLaMasia
QalbuBahasa,Rocky_Antonie
QalbuBahasa,GM_Warrios
aagunawan_,musksigit
aagunawan_,prabowo
aagunawan_,PresidenKopi
Kwangwung5,Dahnilanzar
Kwangwung5,satriapandawaa
Kwangwung5,prabowo
nizaradipati,EXCOPARTAIBURUH
Irsyafruddin1,Mdy_Asmara1701
winartojbs,detikcom
nanonux,TirtoID
OrangSawah23,txtdrimedia
vwexcellent,willsarana
cilarieru,txtdrimedia
kris_16m,AbanggSayur
akoesukasate,narkosun
tjendoldawet,txtdrimedia
imdadhammad,narkosun
DeddyDjumadi4,musksigit
CSI_62,KemenkeuRI
CSI_62,smindrawatii
CSI_62,prabowo
Ms4Dean,detikcom
musksigit,prabowo
musksigit,PresidenKopi
ade_siera,tempodotco
democcaroine,gummyyusi
mrEko_84,Piyusaja2
entroks,txtdrimedia
RahyantoZ,vanc1Bozz
RahyantoZ,xineibn
Abou_Omar20,Dahnilanzar
Abou_Omar20,prabowo
phenty_pen,CNNIndonesia
Grivod,CNNIndonesia
Grivod,kompascom
caecidio,pejabrut
repor2425,Abou_Omar20
repor2425,Dre_Dyandra
repor2425,tekarok007
wisangunivers,detikcom
fajriot_,itsquaileggs
ZerostartF,CNNIndonesia
HalomoanHa91790,Prabowo
louveyrinth,atchoomu
lemonlyme44,takeamoon
amelcewaw,prabowo
amelcewaw,PresidenKopi
ekasaputrayasa,adrianfahreza_
ekasaputrayasa,raharjinho
Little_meong,detikcom
anyingpukimak,pesonaindonesia
KarundengUsi,CNNIndonesia
roman_kherzakov,PRFMnews
ImRoseWhoRU,bopduana
KarundengUsi,kompascom
lanangbiasa,DPR_RI
lanangbiasa,rahmatsn
lanangbiasa,Ndons_Back
withmeeta,sakanaac
yudi_cctv,tribunjateng
DatuLiang,CNNIndonesia
JuxstLumos,detikcom
ichsanfauzi6,NOTASLIMBOY
Alfdelyn,RD_4WR1212
Alfdelyn,gibran_tweet
BerthaAstu32435,JhonSitorus_18
dullahbiasaaja,CNNIndonesia
MasterzCV,blank0429
MasterzCV,matchacorp
AhmadMa47193612,asumsico
tsumaww,soobwin
perdatam33,prabowo
perdatam33,PresidenKopi
andr_cnz,sidsity
Gargarinnn,dimsumoishiiy
palingayudewe,BudiBukanIntel
Danatakada,CNNIndonesia
RieHan74,karimakayyim
Fufufu812428,geloraco
metaslavesz,katakuening
anyingpukimak,prabowo
anyingpukimak,tempodotco
kkl988,geloraco
alin_raihani,Dahnilanzar
alin_raihani,prabowo
RakhaRakha45,eter_nia
RakhaRakha45,CallictusK
lukmanihsan,denismalhotra
RakhaRakha45,zandaayaa
RakhaRakha45,eter_nia
RakhaRakha45,CallictusK
langit_biru78,WagimanDeep212_
langit_biru78,Balola72
langit_biru78,ristoooooooo
Ges_Sit,mymaymar
Ges_Sit,geloraco
kacariburaya,antokarief
HaubAkalam,NasbiHasan
HaubAkalam,BurhanMuhtadi
anyingpukimak,DPR_RI
anyingpukimak,asumsico
anyingpukimak,kemkominfo
eddusays,geloraco
SuketRambak,cnbcindonesia
ar1fd3rmawan,JhonSitorus_18
achamilan,tanyarlfes
mustafaagus007,msaid_didu
mustafaagus007,prabowo
mustafaagus007,Altcoin_Whale1
Capitalisborju,NOTASLIMBOY
chubbyneoguri,shrimpsnugget
Redgerbil5,jifortin
afishare23,prabowo
afishare23,hnirankara
tunggalcandra,prastow
AsrialChan53059,tempodotco
qimprutdalban,tonybulumanu
qimprutdalban,BANGSAygSUJUD
qimprutdalban,Ndons_Back
qimprutdalban,DarekaRendy
qimprutdalban,G3nX_files
qimprutdalban,EricRicaldo
qimprutdalban,florieliciouss
qimprutdalban,are_inismyname
qimprutdalban,FDonghun
qimprutdalban,Kimberley_PS08
qimprutdalban,99propaganda
qimprutdalban,prabowo
afifahafra79,prabowo
MaknaTelaga,ripbotttt
rahmanrmyn,geloraco
fufufafagnarly,Mdy_Asmara1701
fufufafagnarly,Barita564246
keuangannews_id,Keuangan
MelPrap170845,detikcom
LatteCookies_,hrdbacot
fajriot_,sugondese6666
Kasayanto_,ProfesorZubairi
Kasayanto_,csp_priyo
SemutMerah2024,bahlillahadalia
SemutMerah2024,prabowo
dibohongi_pakai,detikcom
RFhalessa25665,kompascom
pedulisehat,MardaniAliSera
suryudana,sugondese6666
FirdausyMuh,StefanAntonio__
alurpandang,txtfromkeuangan
gusbayu,Gerindra
gusbayu,prabowo
soulofdarkne55,iciocaica
_xoalsoxtm,naddokkie
coachaddie_off,prabowo
_xoalsoxtm,geminaist
awendehay,Johnwick2122
awendehay,CNNIndonesia
sentereus,ARSIPAJA
arddhe,ARSIPAJA
seizeyours,FPKSDPRRI
arrylesmana2,JhonSitorus_18
nyaselangit,gladdiandra
mehmed_II_,UmarHasibuan__
YTungge65518,anggaandinata
NatsratBayuni,tempodotco
hendrowijonarko,DitjenPajakRI
hendrowijonarko,KemenkeuRI
hendrowijonarko,gibran_tweet
hendrowijonarko,denismalhotra
k3ifirAdan,Pentolkecakot
k3ifirAdan,03__nakula
k3ifirAdan,dhunhilmenthol
jimdod108,Hilmi28
gyeongwanyu1,SayurLodehBTW2
gyeongwanyu1,fajarnugros
gyeongwanyu1,ImMaul
gyeongwanyu1,VainGloryjateng
gyeongwanyu1,SayurLodehBTW2
gyeongwanyu1,VainGloryjateng
gyeongwanyu1,lontecoklat
gyeongwanyu1,aprilmop224
gyeongwanyu1,fajarnugros
jimdod108,msaid_didu
AnnaAuroraLove,Tan_Mar3M
ersat83,PKSejahtera
EdwardSevino,SuluhKebenaran
EdwardSevino,prabowo
IbrahimCholid,threadshopee
IbrahimCholid,BpkBcw
NaufalFajarSep1,03__nakula
Semuett,Seph_Bimo
Semuett,dody_13
Semuett,RivaldiFaza
yosefikr,sstarviin
IshakSolih3,CNNIndonesia
tomingartun,jifortin
tomingartun,_BangFu
mad48294962,petitstardust
DiwanggaDiwang1,UGMYogyakarta
DiwanggaDiwang1,PPATK
DiwanggaDiwang1,Unair_Official
DiwanggaDiwang1,BuruhYogyakarta
DiwanggaDiwang1,MataNajwa
DiwanggaDiwang1,kratonjogja
DiwanggaDiwang1,trisakti_
DiwanggaDiwang1,ASEAN
DiwanggaDiwang1,jokowi
DiwanggaDiwang1,DPR_RI
DiwanggaDiwang1,BEMUI_Official
DiwanggaDiwang1,PARTAIBURUH
DiwanggaDiwang1,GUSDURians
DiwanggaDiwang1,itbofficial
DiwanggaDiwang1,prabowo
DiwanggaDiwang1,PBNU_164
skyeagle805,BLiliang
skyeagle805,prabowo
PallakaGO,pakmul63
theyudai,arman_dhani
ZyZee9,UUzro57651
ZyZee9,Agas08Jun
ZyZee9,prabowo
EriiicMartin,PKSejahtera
cakbulla,e100ss
lapislegitenak,wamadone
harga_promo,PDI_Perjuangan
harga_promo,PribumiIdn
harga_promo,brilliantAbed
choiminne,baejinbol
anayyana_,ChangeOrg_ID
YuanCakra,garagarabola_
Blueishgardenn,bagjatansah
cursedtune,suikerlaan
DenDjaka14,karimakayyim
yanjiro38,detikcom
put776,you_suphi
put776,tijabar
put776,tijabar
MarioIs_MyName,__AnakKolong
MarioIs_MyName,yyonirudy
MarioIs_MyName,kezia_stal
teledik,PKSejahtera
zenny_ahmad,Tan_Mar3M
3pmatevening,txtfrombook
Yusufbudiono6,catsedih
mhayyun21,PKSejahtera
kylietora,wincayyy
TechnoIsMe8789,detikcom
TechnoIsMe8789,ke_gemini22020
TechnoIsMe8789,Verraagustian_
fathullahfathu2,detikfinance
Rajafesbuk,everwintre
wxnnermor,tanyakanrl
trhrtw,asumsico
EfendiYanto,CNNIndonesia
jametsurabaya,kegblgnunfaedh
jametsurabaya,notfatjustflffy
ninta89552217,Mdy_Asmara1701
itsmejenox,nanalogics
itsmejenox,samoobit
BLiliang,skyeagle805
BLiliang,prabowo
Arwandkt,bpkri
Arwandkt,korantempo
Arwandkt,Metro_TV
Arwandkt,DitjenPajakRI
Arwandkt,mohmahfudmd
Arwandkt,prabowo
Kempa24739957,tempodotco
Biryani568211,tempodotco
ngelutenan,susahmiskin___
reprlien,bubbymun
kyloobites,maueval
iMasjidPonorogo,YouTube
ENYANGENYA71946,gm_gm
koganenohikari,yourguanyin
kkl988,kumparan
kimi198021,JhonSitorus_18
keuangannews_id,Keuangan
bukan4non,pandugik
bukan4non,pikirsiora
bukan4non,blessedchoke
pulicilogis,benstorming_
pulicilogis,helmi_stbd
pulicilogis,kayajompo
pulicilogis,xxitentacion
urlday_id,Bang_Ramzan
blckLotus_,GIBOLofficial
Grivod,detikfinance
oentoengsuratma,PelatihT1dur
PerciKecil,kemgelapan
jiheou,ninemetie
AliJoha20798516,democrazymedia
Awan2379,geloraco
EEnesje23201,kompascom
cimosoft,lyraazaleaa
elnayaja,e100ss
ilhambale11,putriiidsb
ilhambale11,prabowo
DenganApek,ashyourbae
DenganApek,jembermfs
DenganApek,siriuszss
DenganApek,mengaduw
DenganApek,petrikorhujan
Grivod,Metro_TV
RubyDjasa,50ngoku
RubyDjasa,ferrykoto
KRA_RizkiBaruna,indonesans
CharlesBerklay,Pak_Irv
CihuyMustajab,romeogadungan
RubyDjasa,ch_chotimah2
saturnated,kerukunanwarga
sinpotv,DPR_RI
nhangginiz,tempodotco
tribunpontianak,tribunnews
ichan_norax,tempodotco
EfendiYanto,KompasTV
femmenfierce,ARSIPAJA
nugraha_besoes,Heraloebss
HALAluluuu,convomf
roy1alien,hrdbacot
luxuriouschestt,txtdaritadee
officialinews_,ARSIPAJA
vinosa,PKSejahtera
JakaGolook71,tempodotco
DestsPangestuni,princesstayuya
DestsPangestuni,footycinephile
DAzp16,JhonSitorus_18
YOUngBian,hirotocintaku
Grivod,cnbcindonesia
sunsetrav3n,andikamalreza
sunsetrav3n,AkilaNazaffu
GagahMakmu44043,P3gEl
svearine,okiawag
SultanH04160212,detikcom
EfendiYanto,03__nakula
narhania,salun1128
narhania,footycinephile
Hermandk298887,bpkri
Hermandk298887,korantempo
Hermandk298887,DitjenPajakRI
Hermandk298887,mohmahfudmd
Hermandk298887,prabowo
Hermandk298887,bpkri
Hermandk298887,korantempo
Hermandk298887,Arwandkt
Hermandk298887,Metro_TV
Hermandk298887,DitjenPajakRI
Hermandk298887,mohmahfudmd
Hermandk298887,prabowo
ddwnrffh,SayurLodehBTW2
ddwnrffh,fajarnugros
Hermandk298887,DitjenPajakRI
Hermandk298887,k
Hermandk298887,prabowo
Dewasenja280781,e100ss
Choheeteuk,lufienaa
danyrizkie,sucidesyafira
AnakLurahIstana,Karinbahary2
Ademfridemz,prabowo
Ademfridemz,AlnilamOmar
sayno_KKN,cnbcindonesia
brotherhomies69,cikaph
archonDendr0,Kucyber69
DipoNiarto,Tedyfauzi
KaixaVtuber,arsyamoi
rendito_,Goonddrong
Huniuminy_,kentangorengcr
Huniuminy_,alatxs
Huniuminy_,tanyakanrl
BocahNd63584241,CNNIndonesia
mweenggg,nikmipy
DaimatuRokhmah,DokterTifa
DaimatuRokhmah,ichan_norax
EdwardSevino,TirtoID
yantieee_yan,detikcom
Umukino_,YfenaPr
Umukino_,gebinaaa
Umukino_,putriiidsb
Umukino_,prabowo
Tikadewi_dr,el_avraham
Tikadewi_dr,SateTong
langit_biru78,kangdede78
langit_biru78,hanifinho
¥@N'$,jokowi
Satrio_ti,footycinephile
ARMYnism,agus_kriwul
ARMYnism,gus_dibyo
hazelmilky,tanyakanrl
Paij02022,hnirankara
Akbar4943167580,DokterTifa
adhaninee,ekowboy2
marahmarahinelu,DokterTifa
kapoelaga,willsarana
Logika_saya,prabowo
Jog11111,Bud_Cavalera
Jog11111,negativisme
ownedbyserina,Zaarazhar
ownedbyserina,urikaeureka
ownedbyserina,Hasby21834910
RivaldiFaza,antifans2tolol
RivaldiFaza,idextratime
diC4yt,Cuterabbit3007
diC4yt,JhonSitorus_18
diC4yt,Herrys045
Jog11111,ZeinRedarmy
Jog11111,nksthi
Jog11111,dahan_crescent
diC4yt,dinata_dana
alexanderey19,prabowo
Oyunho,hakushtoa
Indonesia_24,ferrykoto
Indonesia_24,jzij99
jzij99,adenium_0512
jzij99,ferrykoto
jzij99,SeraRanasisca
jzij99,Gahagede
axlent,KemenkeuRI
axlent,hwachaeseger
jzij99,Adri_Dogerz
jzij99,ferrykoto
jzij99,ZSaptono
jzij99,budi_sam12009
jzij99,ferrykoto
jzij99,ZSaptono
T_Maulana28,Kucyber69
jzij99,Indonesia_24
jzij99,ferrykoto
LawlietL69,wargaboixosnois
LawlietL69,idextratime
LawlietL69,rubenamorim_leg
ummabibi,bakuldimsum_
immachatterbox,ARSIPAJA
tyonugrh_,jembermfs
Wisnubrata6,IDNTimes
xchchx,txtfrombook
ouiranos,jeongssaem
dioothersidee,angelselle__
jamalkobain666_,detikcom
jamalkobain666_,detikjatim_
urlday_id,fajarnugros
edyibnikawhe,jokowi
edyibnikawhe,sfsimatupang
aetherelia,0f_thraxas
RICOticle,jahterra
txtdaritrg,fungsihutan99
ppnaravitgfs,euranoiaa
seyay_,pongrekundharma
seyay_,kemgelapan
gedibalpit7803,Lintas_Jaman
Goldwater@sli,Karinbahary2
Becandaweh,Kucyber69
sunsetsenjaa_,kennyychristian
cintasejatiyou,JokoHQ
Channel027,Karinbahary2
ErwinRMDN,halleluhellyeah
langit_biru78,antokarief
yudi_kacoLL,IndiHome
yudi_kacoLL,Telkomsel
dingggstar12,convomf
vwexcellent,easyWalid77
vwexcellent,bentangnegeri
vwexcellent,dekayulianto
Ogaman888,vwexcellent
acepiskandar7,Kucyber69
vwexcellent,Ogaman888
VainGloryjateng,SayurLodehBTW2
VainGloryjateng,fajarnugros
bhibiet_03,awasap_
springbomnalday,ARSIPAJA
sigurjel,_rt_m_s_
AkmaL_syam21,puttt_aaais
byumbiy,bluejceans
kolamkopi,nksthi
wargaboixosnois,idextratime
wargaboixosnois,rubenamorim_leg
seekracle,ojkindonesia
seekracle,r_kapau
seekracle,katakuapakan
seekracle,mrtweepsID
otakpelajar,prastow
pangskiboi,Hilmi28
pangskiboi,infinix302023
apapunituokeoke,nivarezt
apapunituokeoke,indrasbitchhere
Obigon3,elvirsp
Obigon3,crunchycrumble
bpsmgt,mediaindonesia
bigbabyaw,helmi_stbd
Agussusenoitonk,kapten32081
Agussusenoitonk,id_fm
budi2984,pongrekundharma
budi2984,kemgelapan
hilangisasi,alianaovna
dlvxkim98,tuwagapat007
nanang09,FunJunkies
tiktak0dd,Kucyber69
3adhidon,badaipa11805802
safalowen,drkn109
aetherelia,0f_thraxas
TheRieed,kumparan
roman_kherzakov,ZavanzaDaily
khionesaoirse,poxtions
khionesaoirse,Dobbykimzz
RoroAlexandra,Karinbahary2
bopascious,kompascom
keuangannews_id,Keuangan
vwexcellent,razkaws
aditya_bp,footycinephile
shabcdep,sisthaaaaa
shabcdep,ndnestys
Buibu_,prabowo
AyahnyaVia01,KompasTV
AyahnyaVia01,Na93313Najib
kazenami_0,mydearestrose_
sulthanium,punyamik
TidesOfPetal,karimakayyim
uzy__,karimakayyim
Dialoha,Kucyber69
Dialoha,ComRamdani
rouweit,fortisfortuna_9
rouweit,KejaksaanRI
rouweit,BosPurwa
rouweit,prabowo
uzy__,tuwagapat007
pulicilogis,PartaiSocmed
pulicilogis,NicolaPizetti
ibamhariri,sokmanggaa
AslamMochamad,Karinbahary2
1b192aae85a54dc,detikcom
kopikirpikir,supeskrim
rayytama,aliviaawin
jutdwaekkiri,karimakayyim
C2wet333,hajicing
jamalkobain666_,Beritasatu
Rogey91914280,JeblukAkun
tuwagapat007,karimakayyim
asepsetobrie,mxxnglitch
rzkhasan,hajicing
hendrowijonarko,mediaindonesia
05kw9,idextratime
Shima_ru,SKTANIST
hellowsunx,2O279
Juna401,LintangArg89194
Juna401,_aisashi
Juna401,tempodotco
NagataDathan,GegtuN
Madner8,detikcom
lukita_tian,akbarfaizal68
NELNzr,hnslyaaa
NELNzr,Robertolol43351
KurniawanA89657,jokoanwar
keuangannews_id,Keuangan
p4ngkasepna,Karinbahary2
supriyanto45086,B_dzoel
ItsHeeJin,kerasbos29
dadang_irwansya,Kucyber69
NiniN710_1199,A1ki4_ku5_21
NiniN710_1199,vitalongC_1
GegtuN,Kucyber69
lookatsuh,enhald1won
dadarkeju,itsaddlia
urlday_id,Rexthatch
kerberooz,alcholcx
urlday_id,sep0nk
คนต้มเบียร์ @kopitemanggung,kozirama
คนต้มเบียร์ @kopitemanggung,mohmahfudmd
Ecko_yudistira,wydbaag
avocadoo_s,moonshinecreate
motorserangan,mbintangrs
Achmad_djailany,Lintas_Jaman
MahadewaDharne,kompascom
afifahafra79,ratu12noer
afifahafra79,_bangagoengDuA
Scouting4you,abdurarsyad
DioDjent,elmonstery
casteloseven,PartaiSocmed
artikarz,prabowo
d_zinbawe,tempodotco
Pertalite1708,Lintas_Jaman
d_zinbawe,detikcom
howoozistt,minwonisius
Ikhwanazis89,NenkMonica
scrunchiie_,cherriyy_
Daeng4Rusli,NenkMonica
salputsal,septian_uta
SonoraFM92,kompascom
astorvanila,inilahdotcom
DermagaGarely,NenkMonica
YudhaNaren78184,prabowo
KiRegel,TerahirPejuang
Restuhmzh,lbhsemarang
ade_siera,detikcom
nature69_,prabowo
AndoFernan50737,kompascom
AnakSakti2,Lintas_Jaman
msjemina,Robertolol43351
msjemina,ma_ta_mu
yukopangestu,detikcom
ninpohiboshi,rumikroba
vernandozz,Dandhy_Laksono
theWONGSO,kompascom
Eternal_S070606,RadenEkalaya
EuisKoffier,drinkyohwater
Mdy_Asmara1701,prabowo
Ken_Nero_Z,riekediahp
zalrijal,hariankompas
cerpen25,likromiahooy
AFGRIDHO,qrivasi
staysaferek,AdamVelcro
mang_Deddy,democrazymedia
Zyan1378,narkosun__
rytsarkiy_pika,KompasTV
RamsDews,kompascom
FDailimi,kring_pajak
Bumantara010,__AnakKolong
sadili69920,geloraco
enhate02,prabowo
asetakberwujud,momomeowclub
KDroneHunter,asumsico
KatmiPisan95596,raykairi
TejaAru05798875,mukaikhlas
PastelCumin,idextratime
Parjiyaawgmail1,Gerindra
WitriThePooh,Seph_Bimo
WitriThePooh,PKSejahtera
WitriThePooh,pena_kantor
WitriThePooh,DPP_PKB
ERaksasa,riekediahp
ERaksasa,ManaluHumiras
narutob51492400,dustina1k
narutob51492400,meipri
Deslini2,prabowo
7ockey,Gerindra
Dyanasthasia,aldilyaa
wedusgan,Gerindra
sirulhaq,NataliusPigai2
sirulhaq,mohmahfudmd
tatisamhadi,hariankompas
IwanS86257855,addtaufiq
IwanS86257855,irfannuruddin_x
RCakrabuana,ARSIPAJA
tatisamhadi,hariankompas
Hariandi_Hafid,prabowo
Mia_Kyushu,HilFachruddin
DenasIdn1,s_mulyatie
DenasIdn1,uyoktweet
DenasIdn1,susno2g
abangendud1,BANGSAygSUJUD
abangendud1,prabowo
fordslator,kegblgnunfaedh
ALvinSoehendry,ikhwanuddin
ucing99115,sutanmangara
ucing99115,prabowo
20th_07,riekediahp
roniezsmtp,riekediahp
roniezsmtp,KakekHalal
irwan73505,anasurbaningrum
reskap_,PresidenKopi
pungtoop,DokterTifa
pungtoop,kwetiwaw20
a2nsweet,NyaiNeneng
a2nsweet,AbyAlthaf
pungtoop,DokterTifa
pungtoop,jasakencana9
KhawarijAnti,GunRomli
KhawarijAnti,riekediahp
belbuk,Dennysiregar7
erwinwin1706,YLBHI
SafrizaL4C,PreciosaKanti
312O9,Drunkedazede
slow_ly_ving_,tempodotco
Altersora1,ditoks
bi20191223,dustina1k
sayapkanan212,sobisobirei
zack69039794,kumparan
JumardinLubis,kompascom
cakeynakey,Dyanasthasia
erwinwin1706,Tan_Mar3M
erwinwin1706,jokowi
jeyjoy69,guanlill
bebekmungil_,sobisobirei
bebekmungil_,CareIM3
bebekmungil_,RYANKENCANA
JumardinLubis,kompascom
0xnodemoon,kelixmann
faizmyaz,DwiArmadi69041
faizmyaz,ilhamaslek
faizmyaz,__yeeeet
Rian080815,riekediahp
rakjat_id,riekediahp
rakjat_id,INDONESIAPERKS4
MaloRadja,tribunnews
ssturneachy,natasyamrth
Germanu84126434,DokterTifa
Germanu84126434,prabowo
masnooey,andydravin
MKaliwatan,DokterTifa
MKaliwatan,jasakencana9
IwanKareem,yaniarsim
IwanKareem,prabowo
HarryPattyRM00,riekediahp
EndarTo44857464,prabowo
muhamaddaffari2,kompascom
Ilyasias3,yunepto
JohnKikuk,NinzExe09
JohnKikuk,prabowo
pratamaung,idextratime
naarvit,cikeenkripsi
meipri,dustina1k
Mesnaldo107_,undipmfs
abloomwithjoy,dumsoojin
PanggilUwaiss,YLBHI
teenshion,cremspuff
borvoyage,bynolongerhere
BitterDie_,tanyarlfes
habibanonogal,DokterTifa
bukan_bentoo,KaredokLeunca__
bukan_bentoo,LexWu_13
bukan_bentoo,WagimanDeep212_
bukan_bentoo,faridhcrb
KucingG36987784,geloraco
stroberryrush_,eblouissanth
greezfy,8fleurs
mamankdawet,romeogadungan
omelettuce,gumageom
bemmm__,vforviesta
detektifcanon94,DokterTifa
hanifws_,menghalusinasy
hanifws_,mintcox
icedhotea,IndoPopBase
thanderbolts,txtdrjkt
snparkle,chikalofbatagor
nalar_logis,MurtadhaOne1
goldierous_bass,DitjenPajakRI
kimjunoon,AttenderLDW
khojan_,KejaksaanRI
khojan_,BosPurwa
khojan_,prabowo
cagubnyinyir2,GunRomli
cagubnyinyir2,AlberaD5
cagubnyinyir2,super_bedjo20
cagubnyinyir2,Bunga_JyKesuma
cagubnyinyir2,susi2001122
cagubnyinyir2,HendroSP02
cagubnyinyir2,riekediahp
cagubnyinyir2,AnakTangsiAD
ariolagrandickk,ub3tter
antonicl,prabowo
cagubnyinyir2,GunRomli
cagubnyinyir2,heryrani
cagubnyinyir2,AdianNapitupul1
cagubnyinyir2,BudiHar73497395
cagubnyinyir2,BudiIstiyo89522
cagubnyinyir2,iBon_65
cagubnyinyir2,riekediahp
cagubnyinyir2,hadehate16
logikakudiatasm,Dennysiregar7
cagubnyinyir2,GunRomli
cagubnyinyir2,AdianNapitupul1
cagubnyinyir2,Bnie18
cagubnyinyir2,RomeoWalker19
cagubnyinyir2,Aslipriok1973
cagubnyinyir2,gajahgemblik
thehunxter,tanyarlfes
thehunxter,biruulaaut
Minang_cyber,jokowi
Minang_cyber,PKSejahtera
oivkawa,geurimore
oivkawa,osarragi
oivkawa,BalaiBMD
meipri,ZoneVenomWar
mferdy69,mukaikhlas
Christi55420561,DivHumas_Polri
Christi55420561,__AnakKolong
alabrar39,duta_crypto
kakmhok,dearalphabeth
asaptasi,michieblues
Cibungbulanger,DitjenPajakRI
Cibungbulanger,Mahendratmoko
unterallersauuu,bucinaether
unterallersauuu,bucinaether
unterallersauuu,kukirabulan
itsanneneur,tanyakanrl
cappadosion,renjeolism
Noffals666,herdyeko
alyaisgood,spectatorindex
alyaisgood,bananana01010
KTheology46243,JhonSitorus_18
KTheology46243,Tan_Mar3M
KTheology46243,Dennysiregar7
KTheology46243,tempodotco
KTheology46243,prabowo
stenlyssimo,ekowboy2
putri_d0ng0,kumparan
Zuldartoni1,OscarDarmawan
dazaispocket,091305LC
makin0307,nikmipy
mytemy,Goonddrong
rds_galery,prabowo
MgmPtmgm,AdamVelcro
AnasisFeri,UmarHasibuan__
natadecochol,foolicle
natadecochol,ariolagrandickk
dzipakecrocs,qrivasi
KikyKambea,DPR_RI
KikyKambea,Syarman59
kuyangmanis_,yourneedsco
ridhwanashir,ekawicaksana
dangvend,jokowi
dearmeym,bluejceans
jan_athos,detikcom
pena_kantor,romeogadungan
pena_kantor,catom_inside
justcall_cay,dustheria
N_vixxCha,tanyakanrl
rytsarkiy_pika,CutSarina5
BabeAnonim,tham878
DaulatNegeri,fotodakwah
DaulatNegeri,mastaeseung
McAchiex,prabowo
crescrentmoon,dimhar_
vouismeyouzz,tormiddle
rachardiana_ayu,DS_yantie
rachardiana_ayu,BuyaRegok
rachardiana_ayu,DS_yantie
WahyuAd42246587,riekediahp
WahyuAd42246587,riekediahp
aiemurhome,kegblgnunfaedh
eeunseoki,convomf
Ogaman888,peppertipexx
nongnunim,detakdiksi
xiaotuing,ainhyung
xiaotuing,jzeongeui
MarioIs_MyName,prabowo
yudkus02,tempodotco
Rahim_souza,romeogadungan
Rahim_souza,catom_inside
Nonox2314,yaniarsim
Nonox2314,cakimiNOW
Nonox2314,prabowo
Nonox2314,IjazahOri
dandyez,ardisatriawan
MinFiyaa93,birmetziegel
sa_tur_daze,hawkjawspinner
Michaelnur6,prabowo
Michaelnur6,AbasBalapradana
Michaelnur6,susipudjiastuti
kumadinyan,souffales
JustKaka04,NabilBTN08043
JustKaka04,DivaErenst
JustKaka04,akbarfaizal68
HeyBadDecision,sbyfess
lusiiiii137,kring_pajak
DermagaGarely,liaasister
haziracakes,seiascent
pepalacesh,mukaikhlas
spideewman,tangkapaparat
MauNulis81692,prabowo
ibunyanok,tempodotco
kuuuchiiing,tanyarlfes
SeenJob21883,blisonny
septimberrr,seugmeal
diionisius_,blokkmbca
okarunikan,Tillblacksorrow
harmono38,ARSIPAJA
rianboww,barengwarga
ujinive,convomf
Kvnadht,BarisanHitam
ornithochi,tasarnm
harijanto_1,CNNIndonesia
alastordvn,jeromeabs
investasheet,Kralicefaran
IInayaturahmah,AGoeci
IInayaturahmah,MurtadhaOne1
meiganuhani,SilminaLaily
MgmPtmgm,prabowo
SyarifShoffan,tempodotco
WirdChiken,prabowo
D_Zaviyar,NenkMonica
BapakFadilLagi,Dennysiregar7
piepinn,Flanvii
bm_ismail,Anak__Ogi
MasdiSuwandi,prabowo
Wishmeluck45,KemenkeuRI
Wishmeluck45,DitjenPajakRI
Wishmeluck45,bank_indonesia
Wishmeluck45,Lanun_1017
Wishmeluck45,NenkMonica
ohermawan99,DPR_RI
ohermawan99,Syarman59
AgusKuswanto121,prabowo
Must_r77,RickyKardjono
abdulmukti691,prabowo
rajatapura,prabowo
NkriStrikes,prabowo
DQPras,tempodotco
Broken11white,prabowo
harsskinw,d_sunny_1247
iamnotsmartboy,ngurahsaka
iamnotsmartboy,CCICPolri
iamnotsmartboy,anamazingbali
iamnotsmartboy,nasoed
iamnotsmartboy,aishathrift
iamnotsmartboy,DivHumas_Polri
iamnotsmartboy,_nishkala
iamnotsmartboy,itschicks
Mimbloon,lemontiangets
Cvx910,JhonSitorus_18
Arnitmoon,someoneewho
han_rnarn,BudiBukanIntel
han_rnarn,musuhrezim
han_rnarn,musuhgibran
kentangglowwing,ooosamuw
WinggarC,badutinvestor
hhiswoman,convomf
ellen1999794842,KompasTV
amelamalia2088,KanalnewsC
rienataaaaa,ty_cherie
arimakana05,KueBoludarMusa
QueenSilence_,prabowo
QueenSilence_,JaenoXTM
hawaree_yu,roschamomile
UnpetitG,DokterTifa
UnpetitG,prabowo
Priyo__Muhammad,PDI_Perjuangan
Priyo__Muhammad,ekowboy2
kimitofutari__,hynnaraaa
Omonmencle,CNNIndonesia
kkl988,ike_hw71
AryaG1980,riekediahp
boezun,Seunghwanr
haruruday,CutSarina5
tasteurhc,ffurtle
ngoxok,jeangundul
alfarizi090,idextratime
zhembuth,prabowo
Taufiq_K,KompasTV
darmawaan_n,romeogadungan
Razieq97,prabowo
who_knows2021,CNNIndonesia
DermagaGarely,dyahNeZza
lynxluna,nezhifi
lynxluna,R_halawi
lynxluna,iSatrio
lynxluna,primawansatrio
lynxluna,thonishohib
Mriyusekali,prabowo
Dayenamn,bblueholic
sylwicked,NarasiNewsroom
refachlis,kelixmann
Tediouys,munvess
xeyobog202,vctrkmng
xeyobog202,Michakage
xeyobog202,LuthfiInsan
xeyobog202,jajajalien
tiitaimoet,kegblgnunfaedh
tiitaimoet,jaranggkeliatan
luanaravabla,coffebit
PatientYeji,KingTogar127
PatientYeji,Neon_Rebellion
PatientYeji,KingMadun127
bbunnysama,prabowo
justiceforbiebz,sosmedkeras
justiceforbiebz,saginmatsuda
justiceforbiebz,swiftruther
sukavanilllate,Aleal249
RiaMarimar,PDI_Perjuangan
Kresnaji_,hrdbacot
babycalks,WEBCOMICFESS
Bakhjatul,geloraco
foxudyz,lalalafindyou
JustKaka04,akbarfaizal68
JustKaka04,junichirich
riki___d,EchoesLouiis
mukalu_jauh,kochengfs
satrmadangkara,prabowo
officialinews_,Piyusaja2
officialinews_,prabowo
sofar_aja,NetflixID
officialinews_,Urrangawak
fairym0nz12,rkvnda
bayutsalis,ARSIPAJA
dairydaymee,masmasjawabgt
SonoraFM92,kompascom
real_scrt,inyoblingbling
orophile69_,inyourmove
Zenmaximus3Zen,karimakayyim
flufflatte,DitjenPajakRI
officialinews_,msobri99
maatchaaca,comfoodx
askDika,Sigma_Male1917
yudidiant,prabowo
Alltheviuw,myearuv
PHN316,txtdaritng
ZerostartF,sutanmangara
ZerostartF,prabowo
inverskomposisi,Heraloebss
warayustik,onadhib
YudhaNaren78184,jokowi
YudhaNaren78184,prabowo
aoreazudan,kahanamio
JajakaDigital80,akbarfaizal68
RWati65,smindrawatii
RWati65,prabowo
RWati65,Altcoin_Whale1
AzamFiqri1,tekarok007
HommieOliver,CuratedZayn
Toean_moeda101,alvinlie21
raspberrie87499,muridsiliwangi
asvpxsaint,GuarEmperor
NamungAbdiGusti,DivHumas_Polri
NamungAbdiGusti,Gerindra
NamungAbdiGusti,ListyoSigitP
NamungAbdiGusti,prabowo
OneEye88Pro,msaid_didu
chuchucarles,GuarEmperor
ty_cherie,uteschnitzel
knxarchieves,convomf
OneEye88Pro,PDI_Perjuangan
OneEye88Pro,brilliantAbed
OneEye88Pro,PreciosaKanti
tantriumar1,kelixmann
podolangsa__,_cheoliejubilee
BECKHAMbox,GUDYTHABox
BECKHAMbox,what__are__we
BECKHAMbox,AMANAIABox
untitled246,florayalada
F2aldi,pacmannai
Bambang77197468,03__nakula
MarioIs_MyName,prabowo
einnineet,synoiise
HiyaaHiyaa7_,JE_JemimaJKT48
roan_gylberth,pacmannai
edwingosal,jokowi
edwingosal,ike_hw71
edwingosal,prabowo
fitomvb,DivHumas_Polri
Cooldown_0109,unmagnetism
uiaaiuii,chevarru
98jt_,gossibp
ibuprofenn400mg,Kucyber69
Fadlipenyair12,CNNIndonesia
Rexthatch,Gerindra
pancakecoklatt,basebuku
NenkMonica,prabowo
cagubnyinyir2,Bunga_JyKesuma
cagubnyinyir2,AdianNapitupul1
cagubnyinyir2,mas_veel
cagubnyinyir2,ariabimadpr
cagubnyinyir2,BudiHar73497395
cagubnyinyir2,puanmaharani_ri
yudho_1985,pono_olo
yudho_1985,rvviz7
Tris14780623,riekediahp
Tris14780623,KakekHalal
SEdit2321840,midazolamn
SEdit2321840,FelixSGL1
kejedotbatagor,mvlrma
Roebanie,kesittt
adepoenya,KompasTV
ijonriduan,prabowo
hayunalism,DitjenPajakRI
abulmuzaffar10,saptomo
FayaAtika,prabowo
cagubnyinyir2,GunRomli
cagubnyinyir2,H1m4_W4r1
cagubnyinyir2,PondetPondet5
cagubnyinyir2,ocukam
cagubnyinyir2,BudiHar73497395
cagubnyinyir2,rida_nicolas
cagubnyinyir2,edybudianto77
alexjohnlegawa,yaniarsim
alexjohnlegawa,prabowo
Detw13,Uki23
AbanggSayur,Epricila10
deegasin,spawnybomb
EndyNugroho8,yaniarsim
EndyNugroho8,prabowo
Mkoriarty,socftlens
firman__nurhuda,salam4jari
firman__nurhuda,KtutF
firman__nurhuda,akbarfaizal68
firman__nurhuda,und_cuckoosnest
aestheteuk,advaitpaliwall
TahtaRiski3,sosmedkeras
AryIndrianto,ike_hw71
iyaabaang,Frankyy_7
iyaabaang,romeogadungan
NizamiAgus,kumparan
txttransportasi,hrdbacot
nizaminz,fadlizon
nizaminz,NinzExe09
nizaminz,UlumS1renceng
nizaminz,Gerindra
nizaminz,prabowo
nizaminz,fadlizon
nizaminz,NinzExe09
nizaminz,DrEvaChaniago
nizaminz,Gerindra
nizaminz,prabowo
stanloonabg,rasyaphobia
bangbungwae,M45Broo_
KomangAgustria,M45Broo_
qih_faqih93,WagimanDeep212_
Leo_sanny,jojoys___
bekti_86,PawangBanteng
bekti_86,PreciosaKanti
moakler182,BaseBDG
DontbesadNft,PintuID
LawlietL69,awalludinlutfi
LawlietL69,menghalusinasy
eLdzshuki,prabowo
eLdzshuki,tempodotco
KtutF,salam4jari
KtutF,akbarfaizal68
KtutF,firman__nurhuda
KtutF,und_cuckoosnest
papilionivee,coppamagz
VelaAuriga,matchaleeknow
peachychum,abellrecently
saintchiro,stealthwep
nin_hychan,maysluxnoctis
chardbandung,geloraco
chardbandung,HsThinker
chardbandung,KompasTV
chardbandung,akbarfaizal68
chardbandung,feriamsari
chardbandung,Gerindra
chardbandung,prabowo
ellycoIe,marienjka
CakraAjiPS,Ndrewstjan
MSena060,shanophile
AlayBerisik,riekediahp
ddulkhab,tanyarlfes
keivjs,djotogame
ssfly17,jokowi
aintn0thing,cunayah092
browniebitessss,tanyarlfes
mus_theib,PDI_Perjuangan
DutaAdijaya,PapersBoy
han_rnarn,itsurboihyl
FayNay67,riekediahp
Blevensky58,salam4jari
dearjuyeons,punyajuyeon
niamkhaizun,sbyfess
cassiorion9,aragogloxx
AnuBeast_,hoteliercrypto
KTheology46243,PaltiWest
KTheology46243,PDI_Perjuangan
KTheology46243,Dennysiregar7
KTheology46243,aniesbaswedan
KTheology46243,mohmahfudmd
brunoNewBorn,alyapedia
gagitujugakeles,ultramym
KTheology46243,DokterTifa
KTheology46243,officialinews_
KTheology46243,PDI_Perjuangan
KTheology46243,Dennysiregar7
KTheology46243,abu_waras
KTheology46243,mohmahfudmd
KTheology46243,prabowo
EvanYousufRush,unmagnetism
Mas_zobirin,CutSarina5
Erislov3,K_landestie
mintcox,menghalusinasy
mintcox,hanifws_
reiwacaniago,CutSarina5
DeKha_Jog,DokterTifa
DeKha_Jog,jasakencana9
indina85941205,BudiGSadikin
indina85941205,incitu
jr_boyke,Pray__93
KTheology46243,AirinDatangLagi
KTheology46243,Gerindra
KTheology46243,SuaraAnies
KTheology46243,prabowo
Imam_SJi77,presiden
Imam_SJi77,prabowo
Imam_SJi77,islah_bahrawi
Salvatore_exs,kenhans03
Salvatore_exs,DioR3b0rn
Salvatore_exs,HumorJonTampan
Salvatore_exs,Mata_Netizen62
Salvatore_exs,b4yuw
Salvatore_exs,Dennysiregar7
Salvatore_exs,Jogja24Jam
Salvatore_exs,__AnakKolong
Salvatore_exs,AntoniusCDN
Salvatore_exs,Jateng_Twit
Salvatore_exs,dcristnugroho
Salvatore_exs,prabowo
KTheology46243,DokterTifa
KTheology46243,korantempo
KTheology46243,PDI_Perjuangan
KTheology46243,Dennysiregar7
KTheology46243,faridahamberi
KTheology46243,bemui
KTheology46243,Gerindra
KTheology46243,prabowo
aludiman,DPR_RI
aludiman,anasurbaningrum
gunggunaa,Swenn6we
GedeUdhaya,tham878
wxnderxe,pejulaude
jendydy2,dnd_chl
TriwidodoAries,DitjenPajakRI
_haye_,leksa
StrwberrySache,yoga2721
StrwberrySache,M45Broo_
uhuiylah,indodax
uhuiylah,Gerindra
LambeGPT,0tk0il
KTheology46243,DokterTifa
KTheology46243,korantempo
KTheology46243,PDI_Perjuangan
KTheology46243,Dennysiregar7
KTheology46243,PngAdilnR4kyt
KTheology46243,prabowo
KTheology46243,pandji
KTheology46243,M45Broo_
KTheology46243,PDI_Perjuangan
KTheology46243,tempodotco
KTheology46243,mohmahfudmd
KTheology46243,prabowo
ileristi,SimoneNoConte
yeo8ie,mshirataka
yeo8ie,uyuyeocang
zumimbar48113,TOM5helby
missamiyaa,CNNIndonesia
Aldhisqs9,bbgjulianto
perlubakwan,BudiBukanIntel
campingkehutan,kegblgnunfaedh
maya_zizy,ArmiaSonhaj
maya_zizy,sosmedkeras
AKurnia23871241,kegblgnunfaedh
AKurnia23871241,karetnyaduua
Agussus59420656,riekediahp
KakSuraya76,democrazymedia
ari_aditya,prabowo
ari_aditya,tempodotco
puspaswarna,DitjenPajakRI
coups_of_hannie,coppamagz
oktayudhi,tempodotco
goonjol,jawashitpost
jojofleurs,janghyyun
Jejak_4041,FiinaDu
Jejak_4041,txtdommm
zavixa1,prabowo
marebangdon,kabjagirl
Eowync2025,MurtadhaOne1
etherealarah,seohoob
skho_,bbywuyo_
marq_mirza,kegblgnunfaedh
ariefrasyad,riekediahp
ariefrasyad,PDI_Perjuangan
BintangPrams,CurutBengak
iwanalidarmawan,riekediahp
DjPrasetyo85,NataliusPigai2
harijanto_1,detikcom
ThatSun510,FirmanSentosa22
ThatSun510,StopPlandemit
ThatSun510,hanan052020
ThatSun510,dokter_kampung
ThatSun510,SumandoGaek
ThatSun510,inorii_yuzuriha
ThatSun510,withbysa
ThatSun510,LtdAkbar
ThatSun510,Faraz_kepri
ThatSun510,daddyyuki
ThatSun510,Sadewa_39
Wicaksono_J,Rhenald_Kasali
ArekNdeso79,ike_hw71
syafii_zuhhad,DokterTifa
syafii_zuhhad,prabowo
catastrophbluez,pacaarmikasa
dazzleah,Erislov3
te_nago,dyahNeZza
flinus23,antaranews
flinus23,BBCIndonesia
flinus23,akbarfaizal68
flinus23,Dennysiregar7
flinus23,riekediahp
cjakaa,yourbae
theMALTEESE,TouristLintang
ImamJumhuri,riekediahp
FlaAgung,AdamVelcro
baladatemp81441,ethadisaputra
baladatemp81441,prabowo
necromanticcs,jogjamfs
mootstiara,kelixmann
sedangpilek,kelixmann
Lanun_1017,asumsico
eben_id,bbgjulianto
AhmadVaiz1,KemenkeuRI
Shomad13649349,M45Broo_
slametcorleone,ARSIPAJA
masalfi687,gg_02022020
danielomartinus,P3gEl
BambangSetyadix,kompascom
Kimppang19,SahabatPlastik
inspired_007,ardha_nuralfian
arlandilandjono,riekediahp
sunfl0wers07,barengwarga
joko_wakwaw,Mundiwangi4
joko_wakwaw,Momonsimomon
joko_wakwaw,supeskrim
joko_wakwaw,Apry3j4
joko_wakwaw,Anti_Kadroenz
joko_wakwaw,KiRegel
joko_wakwaw,Rizieq_Sangean
joko_wakwaw,PaijoKhentirr
joko_wakwaw,rudysirwi
joko_wakwaw,anthwf77
hybrids2022,abu_waras
KECHIG0R0,satsujinqi
baim225,Kanseulir
PengamatFilm01,bbgjulianto
kkaneki__,ARSIPAJA
kring_pajak,FebryKoh
SINDOnews,riekediahp
kring_pajak,rizkinoviantiii
an46949,OposisiCerdas
keikberrie,jjajelly
GEREJA_CATHOLIC,Sou_enfield
GEREJA_CATHOLIC,AlvinLenoire
GEREJA_CATHOLIC,madokafc1
yokattacca,astrxyvort
PakeJari,walangfighter
maroncos,mardigu024
AirishRei,anothawoo
AirishRei,bucyoon
sourilaand,typingcntik
kring_pajak,chillzicy
kring_pajak,rohaendi
TheGametival,SeputarCA
daffdav,prabowo
staeebery,thvforsya
kring_pajak,Irhamku24262767
Leqehan,THERlZZBOY
Leqehan,darksungho
Leqehan,subngho
oacis__,spideyyvers
SimoTheSnyper,windyaazhr
Vattani_famer98,Bambangmulyonoo
MehmetVSultan,VIVAcoid
buterfly,BosPurwa
jinsungchant,cuhanyong
tekarok007,shda_agatha_
AlwaysWithSing,uput23
ghniiy4,chesircat
SIJHI23,PaltiWest
eka_gendut,ojolpetualang_
Starlog20,A3cull
Starlog20,BosPurwa
ichsanfauzi6,DedynurPalakka
ichsanfauzi6,Uki23
ichsanfauzi6,psi_id
ichsanfauzi6,realfedinuril
diehard,susipudjiastuti
lunariawhisper,Jumianto_RK
BlakkatM,BetaEpsilonPhi
BlakkatM,2_pisang16016
jannahseeker99,DokterTifa
ollyvialaura,J97T5
merseysideliv,usabperning_
merseysideliv,SmudgeStan
merseysideliv,barengwarga
Albertmgk_,muhd_azn
Albertmgk_,zizan_ali
Albertmgk_,justamaliamel
Albertmgk_,giveawaykantry
jiephamoon,Meowon96
aruharubi_,diptherium
aruharubi_,meerkatchorom
EdwardSevino,BetaEpsilonPhi
GreenpeaceID,celios_id
GreenpeaceID,prabowo
nobluev,spideyyvers
soetanbandaro,Mdy_Asmara1701
drytxts,stobeyif
Meks68708765,gtobing2903
Meks68708765,H1m4_W4r1
Meks68708765,basuki_btp
Meks68708765,duniabulat5
wannafigh,ARSIPAJA
Legislator75,kompascom
ixcung,chenleu
ixcung,jisungparb
Mieju,Jenulee
wildanfird15,GuruGembull
wildanfird15,adedenis_
yasrosyadi,bachrum_achmadi
rckstarcat,taesanjelek
ResiReborn,anthwf77
sadili69920,BosPurwa
sadili69920,Gerindra
sadili69920,prabowo
karimakayyim,barengwarga
luarnalarmu,ChristiAgui789
luarnalarmu,ChristiAgui789
luarnalarmu,ChristiAgui789
luarnalarmu,ChristiAgui789
Leehqan,Wonyounyg
Leehqan,Wonyounyggg
ichsanfauzi6,Mdy_Asmara1701
ichsanfauzi6,prabowo
eka_gendut,roni_estewe
xsravenclaw,virlysdiary
beritairn1,BeritaIrn
tapskyyyyy,ardisatriawan
gelawalters,seyaphine
sweetcryshant,polcalyn
YHwldy,wonpilnininyu
BrokenCHIGIRI,StaffSoshiro
money_for_life_,abu_waras
mnjungkooki,KOKO199X
jalkke,1
jalkke,OfBerryTales
GGMU315,PNS_Ababil
InD4hR4tnA,riekediahp
InD4hR4tnA,SETYAKI22965702
fx_raptor,HM_DaKieng
inikomedo,eiwaiwaiei
poettoearth,hirunkisses
DroneEmpritOffc,ismailfahmi
satriohendri,YouTube
__Rhnnjb,tuk4ngw4rnet
Arya010787,senjakelam07
Arya010787,senjakelam07
bambang_shukaro,Uki23
winnynygf,terompetcina
Hainbn,ennhypeniki
Hainbn,Sungchanvc
Hainbn,unvoltots
milkitaeeee,illeraxs
milkitaeeee,xrsmy31
ichsanfauzi6,Mdy_Asmara1701
AzmiFaiqoh,gg_02022020
AzmiFaiqoh,PNS_Ababil
zzeyanne,licoqice
Hnirankara,prastow
daffdav,prabowo
Mas2Reborn,Carbaroxabane
Mas2Reborn,BudiBukanIntel
Mas2Reborn,profesor_saham
LoneIlySt,dailymbun
taqibalqibul,praditavanjava
rdhn333,LMFAIQ
rdhn333,syzuhri
rdhn333,profesor_saham
snoopytsinghua,kaelael4
Byeopn,ubieties
micibiku,profesor_saham
ksseeulgi,byNotre
GYUDAMIE,mrshuastic
Mieju,OldtownClamanya
IrawanRommi,dydyaa2
IrawanRommi,jokowi
IrawanRommi,PDI_Perjuangan
IrawanRommi,Gerindra
IrawanRommi,prabowo
alterego0w,ykfear
defalpha,gg_02022020
jaarxsn,lightofhwasan
mydqei,lightofhwasan
GYUDAMIE,mrshuastic
kring_pajak,alohaki22
kring_pajak,cipaku225
querenciay,ancridh
qimprutdalban,IrawanRommi
qimprutdalban,bengkeldodo
qimprutdalban,BANGSAygSUJUD
qimprutdalban,Ndons_Back
qimprutdalban,DarekaRendy
qimprutdalban,PDemokrat
qimprutdalban,Kimberley_PS08
qimprutdalban,AlmaghribiS
qimprutdalban,are_inismyname
qimprutdalban,Gerindra
qimprutdalban,temanduit
kkl988,P3gEl
gandaputrii,DitjenPajakRI
qimprutdalban,IrawanRommi
qimprutdalban,bengkeldodo
qimprutdalban,BANGSAygSUJUD
qimprutdalban,Ndons_Back
qimprutdalban,DarekaRendy
qimprutdalban,Kimberley_PS08
qimprutdalban,AlmaghribiS
qimprutdalban,are_inismyname
qimprutdalban,Gerindra
qimprutdalban,temanduit
IrawanRommi,bengkeldodo
IrawanRommi,BANGSAygSUJUD
IrawanRommi,Ndons_Back
IrawanRommi,DarekaRendy
IrawanRommi,Kimberley_PS08
IrawanRommi,AlmaghribiS
IrawanRommi,are_inismyname
IrawanRommi,qimprutdalban
IrawanRommi,Gerindra
IrawanRommi,temanduit
RnKtoncom,bengkeldodo
kring_pajak,fr1580457025639
xsunoc,nathanielriki
uniang_kamek,deuvshka
uniang_kamek,aniesbaswedan
WarsaWahyu,seraphinartsen
WarsaWahyu,tanyakanrl
blueforMW,phutrinajae
oohcanadaaa,jaeminenahceah
KtkungTmnSndiri,kegblgnunfaedh
perand_r,Heraloebss
galaxours,ggumx
mydqei,Ideationsm
lvydvybb,teragsn
lvydvybb,areuokaybby
JPGunarto,RamaAdamfaathir
JPGunarto,gibran_tweet
JPGunarto,tanyakanrl
mfagnetic,Collacteral
cupang_fish,ochdn
cupang_fish,senjatanuklir
LabaIgnas36658,tempodotco
rikiAiza,Atiiiiiiiiiihhh
uchinagyatt,ellianaille
kring_pajak,mccandjcw
etherealuminsce,PopBase
kring_pajak,mizukiharuu
pxft02,xitssmarcooo
xtxaxfxk,qxntolqu
xtxaxfxk,swara1st
xtxaxfxk,qxntolqu
xtxaxfxk,swara1st
happyme119,agungwarancak
mimiharumi1988,yoongisbaey
xtxaxfxk,mhmmdhsm
kring_pajak,Vinandya42
psowi,DitjenPajakRI
Iverneslight,soofiajoanna
chifuynu,BrokenHOSHINA
Mimin_Jelita,senjakelam07
kkasihiel,Zhephirazhdfi
kkasihiel,elowences
AchmadY56508123,atr_bpn
AchmadY56508123,nusronwahid
AchmadY56508123,msaid_didu
Haeeseung,purkgowon
Haeeseung,jaemain
mcfllurryyy,halfhateu
R4uf_85,DonKintil
R4uf_85,erlanishere
ggeomsa,schwarzeroos
nyamukbtina,yokkitanabung
KenapaGwWNI,aimr0d
KenapaGwWNI,nisfitongg
bittergumz,jianwwbn
sekjen_kw,StefanAntonio__
Labiebjeh,RickyKardjono
Labiebjeh,prabowo
orilookstore,mas2_jawa_
riwioo,atzjyunho_
riwioo,ypunho
Heeseunyg,Jakeu
Heeseunyg,Jakeusirmn
NajibIbu14181,GM_Warrios
NajibIbu14181,KompasData
NajibIbu14181,kompascom
JimanAndreas,gibran_tweet
JimanAndreas,psi_id
JimanAndreas,Metro_TV
JimanAndreas,masbagoes_20
JimanAndreas,DitjenPajakRI
JimanAndreas,KompasTV
JimanAndreas,jokowi
JimanAndreas,CNNIndonesia
JimanAndreas,kring_pajak
JimanAndreas,abu_waras
JimanAndreas,prabowo
dyahayuki,useNormies
ayni_fa,sup_rap_tok
perand_r,Puspen_TNI
perand_r,RadioElshinta
crysnow07,kring_pajak
crysnow07,rerernn
crysnow07,Hideout404
mokutonmon,UGM_FESS
mvamih,mas2_jawa_
LNoorainy,RickyKardjono
kring_pajak,kaysah352023
iyabercerita,mas2_jawa_
iputu_ananda,kelixmann
iputu_ananda,iMedKrisna
Widyawa64704930,BarisanPemudaRI
Widyawa64704930,dingggstar12
drakkxen,mas2_jawa_
sigit_prabawani,idextratime
catp00h,indosatim3
StefanAntonio__,bumbelbi1999
StefanAntonio__,99arsyadsholeh
arman451,Opposite6888
pmd_sehat,cholilnafis
Mimin_Jelita,Mdy_Asmara1701
Mimin_Jelita,KalbarOnline
kaimalhue,venomgaggedme
BudiDarlung,kring_pajak
SA51sam,Opposite6888
SA51sam,realDonaldTrump
SA51sam,prabowo
GStidy,yudiharahap46
Nasya_siAnasya,StevianaDv
dydy010101,DokterTifa
dydy010101,akuntwiter968
ssulyoonn,tsurubc
_____somahita,tanyakanrl
LylySophie1,Opposite6888
LylySophie1,realDonaldTrump
LylySophie1,prabowo
vrusty_,rakyatwakannda
vrusty_,enoliska_
chaewonssera,HeavenlyPuella
mxgxpxtrx,addinanurulf
Arwani_DGabriel,istrinyadilan
lilyaianthemum,yanhouzi
junmkook,zinter
hitamitu,butaleon
kimykimy112001,K7_m0en
kimykimy112001,Gerindra
kimykimy112001,BosPurwa
kimykimy112001,prabowo
cgitlali,cipyok
anamoelya,yeeeerika
brownisyou_,nonmatchalant
brownisyou_,patragumala
brownisyou_,kadeharakzuha
kring_pajak,aliciaaarn
novianms,abyanard
satriarijaya,susipudjiastuti
kring_pajak,Eka_OJI01
kring_pajak,Eka_OJI01
meilisaaa_,kring_pajak
zharifanny,indosatim3
zharifanny,CareIM3
Fithawardani,micinology
creamerlattee,hyperkarry
gg_02022020,DitjenPajakRI
Fithawardani,kring_pajak
robynsatyawan,aniesbaswedan
rogue_mercenary,txtdaritaxpayer
Ogaman888,inganggita
curvboyzzz,primawansatrio
KenapaGwWNI,pentolhisteria1
KenapaGwWNI,kemgelapan
tiyanangger,txtfromkeuangan
narawikoko,bearHANNNAN
DellaAndriyani4,kring_pajak
heypoo9,BosPurwa
KTheology46243,Metro_TV
KTheology46243,officialinews_
KTheology46243,garudatvnews
KTheology46243,PDI_Perjuangan
KTheology46243,Franken_blues
KTheology46243,prabowo
UzumakiYuuki1,muannas_alaidid
pis_yang,aimr0d
from_yroungk,aesgxelle
Eighxtyone,sisilainpetrik
NotreChansone,fujinagap
NotreChansone,annameovs
woonhako,NotreChansone
narul_hidayat,kompascom
Abe68855,BosPurwa
Abe68855,prabowo
Iuxurich,panpanjali
Iuxurich,sbyfess
FateofSnow,fvoden
butterfly1stluv,jinprincess_win
concordewhere,pst01c
shoubrave,filmingojo
huruf_yunani,kemgelapan
widodolestari,politikana
Arwandkt,bpkri
Arwandkt,korantempo
Arwandkt,Metro_TV
Arwandkt,DitjenPajakRI
Arwandkt,aniesbaswedan
Arwandkt,mohmahfudmd
icatwps,KSPgoid
icatwps,gibran_tweet
icatwps,SetwapresRI
icatwps,prabowo
maldinikahfi124,HarsMarli
maldinikahfi124,patragumala
maldinikahfi124,hendrowijonarko
ramadhika99,Adiprayitno_20
kiswanto1988,Adiprayitno_20
pentolhisteria1,kemgelapan
Maido_cuk,Gerindra
umiscaulus,asumsico
aasikinn27,airlangga_hrt
aasikinn27,politiknesiacom
FstrongW,tempodotco
inidataid_,@inidataid
Catatan_ali7,merapi_uncover
Catatan_ali7,Gerindra
Catatan_ali7,kabarklaten
Catatan_ali7,prabowo
Dodolmeong1,tempodotco
Virgo17Elang,dinulfadli_
Akihito69san,rayrestufauzi
pacekripto,AsahPolaPikir
Maoouul,abu_mahdzuroh
dks_e12,prabowo
fosiltua,KompasTV
yugosshh,SiaranBolaLive
FahreziBadrun,cakimiNOW
indosat,celukwaelif
HiiMtpKl,direktoridosen
HiiMtpKl,indosat
HiiMtpKl,Telkomsel
perlubakwan,rayrestufauzi
A_Paandah,mmaryasir
A_Paandah,patragumala
hamashashi,kring_pajak
rilianemouchet,dwinawan_
muhammadareza87,direktoridosen
muhammadareza87,indosat
muhammadareza87,Telkomsel
mnwishful,patragumala
gunsroay,jadijago
TGledek2,direktoridosen
TGledek2,indosat
TGledek2,Telkomsel
Arya010787,hasanudinsajid
Arya010787,BANGSAygSUJUD
Arya010787,Ndons_Back
Arya010787,DarekaRendy
Arya010787,gtobing2903
Arya010787,florieliciouss
Arya010787,satriamadang88
Arya010787,are_inismyname
Arya010787,MondrianOm6762
Arya010787,Kimberley_PS08
Arya010787,99propaganda
Arya010787,prabowo
Lewatin10,patragumala
rezatalks,kompascom
CombroHerry,kompascom
azarassey,fugufuguu
PischekDayat,direktoridosen
PischekDayat,indosat
PischekDayat,Telkomsel
michiavelly04,direktoridosen
michiavelly04,indosat
michiavelly04,Telkomsel
zzkyouka,jiegojo
Yoxungjae,xoueijja
Yoxungjae,oueijja
ibersaksi,leclekrc
Sambojoutomo21,direktoridosen
Sambojoutomo21,indosat
Sambojoutomo21,Telkomsel
ahyangbeneraja,gg_02022020
mlakugejayan,sembilannugget
mlakugejayan,indosat
si_ipan,RagilSemar
hdrnz,imascaredykat
hdrnz,diarymiakhalifa
rusdiyanto07071,Rachmadharis1
rusdiyanto07071,more80s
HortenV2,direktoridosen
HortenV2,indosat
HortenV2,Telkomsel
ardhaagasa,avishnupr
taeqsan,Notvickyo
taeqsan,vickyo
NizamiAgus,fxnetizen
NizamiAgus,geloraco
NizamiAgus,geloraco
akucintaistriku,prabowo
Savoiart,NINGYlZHUO
Savoiart,Yizhuueo
ariepong,ganjarpranowo
couppids,selfediot
mhisbullaht,jikiyaa
zogratie,Rb2C2O4
achaesthetic,letsrelax_
nuivillette,Wanmerer
aka_mahes,unmagnetism
FayaAtika,wortelbuncis2
rembulanbiru_ku,polongo__
senggongilang,Sagita81774027
dahono413,kompascom
law20956,ade206
ppteddyn,Sagita81774027
Baggarism,barengwarga
inidataid_,nokia
inidataid_,HMDdevices
deninerbeth,KangManto123
PassPHARITA,HEESEUNGPals
bungkikal99,neohistoria_id
AGoeci,yoeskenawas
fauvineyard,PrabuRo30326
fauvineyard,dmarvine
fauvineyard,breyBrandon
fauvineyard,bowo_boncu
MasterAris5,KemenperinRI
baeyubni,ToNinesOnes
rudolfsnijder,rijal_20jul
rudolfsnijder,polisiolahraga
Jog11111,Wwn0303
Jog11111,narkosun
MuslihZaenal,KemenkeuRI
MuslihZaenal,KangManto123
dickybosro339,Kimberley_PS08
jinjeanjwan,LullabyMirai
LuckyMan2021,Mdy_Asmara1701
BejihI,Mdy_Asmara1701
BejihI,Mdy_Asmara1701
my_nami_chan,kompascom
StarcaseX66003,CutSarina5
StarcaseX66003,prabowo
Mpok_Hanum,txtdrdigital
baybae100,tanyakanrl
JumardinLubis,kompascom
HPurwanto35026,Y_Radianto
founinaz,awbaskar
alleadriane,shirokunna
NizamiAgus,geloraco
AnKiiim_,Kimberley_PS08
AnKiiim_,si_ciio
lungofsmoke,barudakalter
wonjhong_,ERCCSOHN
al_neechan,convomf
whitedodo,PaltiWest
whitedodo,prabowo
s0medaywell,ARSIPAJA
auwendyz,gurehn
tripletsanonu,momomeowclub
shaninshines,maaganii
budiPriyat60787,BudiSusant23607
budiPriyat60787,arwidodo
zeffjaehyun,jvaehwan
zeffjaehyun,jaehwani
TheCurut007,bengkeldodo
TheCurut007,BANGSAygSUJUD
TheCurut007,mas_veel
TheCurut007,are_inismyname
TheCurut007,qimprutdalban
TheCurut007,Kingcube12
yeppeuseok,Iconnet_id
yeppeuseok,pln_123
yeppeuseok,shinenightmoon
Wonky_Togallo,amanomiuadvtr05
Wonky_Togallo,jijirnyinyir
kepatsmooch,camelliarchive
Omonmencle,BramzzRafli
Omonmencle,gamilaarief
AbuBakarNst,PaltiWest
gearcloudy,barengwarga
Williwilliamc,kring_pajak
handayani_10933,afi_auditore
handayani_10933,Denibudiargo
sexy_killer404,Hiugundul
sexy_killer404,ramaArsy1
joqyeoned,AskotWacky
kuntibarbie,smlnwzrds
TakPrihatinLagi,attararya
foxydenoze,convomf
HembusanFITNAH,vincentstefs
Heartherob,KECILvp
nurmaya59,gibran_tweet
nurmaya59,Hnirankara
nurmaya59,Gerindra
nurmaya59,prabowo
nurmaya59,hnirankara
saerozi63,prabowo
wepepe_draws,re_Fraine
IrawanRommi,qimprutdalban
IrawanRommi,Purnomodttrad52
frans_surya,UbahBareng
frans_surya,bachrum_achmadi
frans_surya,ethadisaputra
frans_surya,BosPurwa
frans_surya,TaufikNoor
frans_surya,AnggaPutraF
frans_surya,aniesbaswedan
frans_surya,GeiszChalifah
frans_surya,choymarkochoy
frans_surya,NenkMonica
miyeont__,itwshanjin
diyamed2,CNNIndonesia
GirlBieberJ,Ndons_Back
GirlBieberJ,gibran_tweet
GirlBieberJ,gsn_id_official
GirlBieberJ,MARQUEZ__93
GirlBieberJ,prabowo
dwiwarna9,eleanorr234
anyingpukimak,arfanpantua
anyingpukimak,Indomaret
anyingpukimak,asumsico
guoliangtjia,AsahPolaPikir
guoliangtjia,gebethcalled
vanpayung,CrucioDay
vanpayung,spesdelune
vanpayung,midorinomikan
moakler182,PNS_Garis_Lucu
ade745780,AnKiiim_
YanuarIbaz,KompasTV
subhanhidayat5,kring_pajak
JustUda,T_Falah0015
walpurgisneit,qiuiyuan
ichsanfauzi6,tempodotco
ichsanfauzi6,Yurissa_Samosir
ichsanfauzi6,meutya_hafid
shoegaze87,CNNIndonesia
shine44441,Dennysiregar7
OtarB274526,ezash
subhanhidayat5,kring_pajak
kring_pajak,deeeeee_10
MRLaode,scorpeeu
CjHarto,NajamudinSulta1
CjHarto,WagimanDeep212_
masihpol0s,mas_veel
masihpol0s,Fernand65443250
bepe24021968,Gerindra
bepe24021968,CNNIndonesia
Odhyng,CNNIndonesia
eddusays,jokowi
eddusays,CNNIndonesia
eddusays,prabowo
nrhylis,kegblgnunfaedh
inidataid_,nokia
inidataid_,HMDdevices
bobsinclairs,straan666er
nebulaspace_88,shinenightmoon
nebulaspace_88,IndiHomeCare
nebulaspace_88,itsmeowave
tayi_nesia,firzaGyu
freethink32,kkpgoid
freethink32,kemenkopmk
freethink32,kemkomdigi
freethink32,W1DY4_N_11
freethink32,Gerindra
freethink32,prabowo
sekar_epku,adriansyahyasin
Ogaman888,SnaiperMask
dhedhote1978,KemenkeuRI
dhedhote1978,HumorJonTampan
dhedhote1978,ch_chotimah2
dhedhote1978,Mata_Netizen62
dhedhote1978,JhonSitorus_18
dhedhote1978,agung_faysm
dhedhote1978,DitjenPajakRI
dhedhote1978,Cintada16
dhedhote1978,Anak__Ogi
dhedhote1978,__AnakKolong
dhedhote1978,AntoniusCDN
dhedhote1978,dcristnugroho
Lyppieew,cenooon
Lyppieew,tanyakanrl
lukasyakobus,MailSport
lukasyakobus,idextratime
HazmiLucidRuby,Ahrifkys
HazmiLucidRuby,erlanishere
helgaindra,txtdrdigital
Kelik_Es,KemenkeuRI
Kelik_Es,HumorJonTampan
Kelik_Es,ch_chotimah2
Kelik_Es,Mata_Netizen62
Kelik_Es,JhonSitorus_18
Kelik_Es,agung_faysm
Kelik_Es,DitjenPajakRI
Kelik_Es,Cintada16
Kelik_Es,Anak__Ogi
Kelik_Es,__AnakKolong
Kelik_Es,AntoniusCDN
Kelik_Es,H0RCI
Kelik_Es,dcristnugroho
rikiAiza,JeblukAkun
rikiAiza,prabowo
rikiAiza,BpTrisaka
my_nami_chan,detikcom
my_nami_chan,detikjatengcom
aradiku21,PaltiWest
aradiku21,prabowo
IssyanMaulidi,KangManto123
bekalicky,kegblgnunfaedh
epermanas,fauziasadiqah
epermanas,IndiHomeCare
epermanas,IndiHome
epermanas,Telkomsel
nico delanoHenry@P.,S4N_W1B1
Agung_Bigdad,e100ss
babanteteng,kegblgnunfaedh
PanakBebinjat,samsukku
PanakBebinjat,cutiesbearawrr
PanakBebinjat,tanyakanrl
kimsidab12,zakariamlk
kring_pajak,milaaenn
tebakanjowo,detikcom
nico delanoHenry@P.,dewiirawan13
BernadinoHerry2,eleanorr234
tilehopper,footycinephile
annatananka,Hanboin
Heartherob,romwnsa
Wonky_Togallo,OjolNyambi
kring_pajak,fif___day
kring_pajak,SabdaAlam09
kring_pajak,deeeeee_10
aonomali,yourmattcha
eastonmlk,leilatashira
fitfitricantik,tang__kira
fitfitricantik,Belphinium07
ajibserlangga,JukiHoki
Belphinium07,tang__kira
fmaulana179,MahadewaDharne
fmaulana179,Dennysiregar7
deeeeee_10,kring_pajak
msyjasmine,Lovebirrdd
msyjasmine,kring_pajak
skylaxv,kring_pajak
TemanSenyumu,gilabola_ina
TemanSenyumu,el_bendoyo
TemanSenyumu,ricoxvz
fikri_ZB,kring_pajak
msyjasmine,Lovebirrdd
msyjasmine,kring_pajak
thewestjust,xzdsh
nico delanoHenry@P.,MichelAdam717
CukaCukaloe,vanc1Bozz
CukaCukaloe,Pooohpitu7
CukaCukaloe,prabowo
LtdAkbar,koko_may
twntyfourth,JukiHoki
isajatinangor,hongjooncg
HerlinaHayati1,prabowo
mitzuo,JhonSitorus_18
mitzuo,ErnestGu21244
budhiperma19709,KangManto123
Inaauliaaft,kegblgnunfaedh
komod05,BanyuSadewa
Riodiscuss,eleanorr234
flowelune,trulyvirgoo
wgnore,eucalypsoul
MQB_ANNABI,kompascom
Fhrlhdyt25,seorangpiscees
joliyeol,bgm_ji2
mkhyuckle,haemawarii
samnueI,sahdir
kyuhyxn,ofjshua
MawArIrenG13,yaniarsim
MawArIrenG13,DPR_RI
MawArIrenG13,DPDRI
masuunk,yaniarsim
masuunk,aniesbaswedan
lmaoaopisan,kanialright
nico delanoHenry@P.,Ary_PrasKe2
Sapphirecove,ephemeradl
3Reflian_fam,ArgentianaA
kring_pajak,sweet_candy017
olebee11,tvOneNews
totopethul2,uyoktweet
DMieaceh80579,Catatan_ali7
DMieaceh80579,cobeh2022
DMieaceh80579,Mdy_Asmara1701
DMieaceh80579,bahlillahadalia
DMieaceh80579,21_mozza
DMieaceh80579,124hmahHastuti1
DMieaceh80579,TomJerr92667042
DMieaceh80579,50Kuasa
DMieaceh80579,choymarkochoy
DMieaceh80579,NenkMonica
moscato_choco,hrdbacot
Minyongki1,tanyakanrl
Art01Fma68361,WinSamb
aromapetrikorr,LuzziMochammad
613image,itsdeuriim
zhaoroosy,kkongjiro
rdhdanu15,kabarberbisik
jichuw,woonhoam
kring_pajak,simbaoyaaaas
evunwoo,sehua
amelcewaw,kompascom
caldderioz,keiaez
sausleepy,barengwarga
zhaoroosy,twsagnes
zhaoroosy,jaemain
awemany,gulagugalau
OmBrunyaBeby_,dostoeviesky
OmBrunyaBeby_,prhainon
emyuarifin,prastow
CahKeren212,tonybulumanu
CahKeren212,BANGSAygSUJUD
CahKeren212,wirryo
CahKeren212,Ndons_Back
CahKeren212,Alie_Fahnoor
CahKeren212,yusufagro
CahKeren212,gtobing2903
CahKeren212,florieliciouss
CahKeren212,are_inismyname
CahKeren212,99propaganda
CahKeren212,prabowo
CahKeren212,HASBALL18439385
zhaoroosy,kickflipchoi
zhaoroosy,choiminne
CahKeren212,MariaAlkaff_
EDH012,DedynurPalakka
Nyngning,unvolding
Nyngning,OldtownClamanya
Nyngning,unvoltots
riangrindu,bfriendable
whisper0ftheart,heedosiraf
widodolestari,tsetiady
uizukcd643s,Mdy_Asmara1701
yurrnaa123,kring_pajak
CahKeren212,mantusekda
CahKeren212,info_preloved
CahKeren212,neohistoria_id
WidodoRadi7910,MARQUEZ__93
freethink32,gibran_tweet
freethink32,jokowi
freethink32,Fahrihamzah
freethink32,Gerindra
freethink32,prabowo
Batax_Nasional,PDI_Perjuangan
Batax_Nasional,Dennysiregar7
Batax_Nasional,pramudyasetya99
phaichangg,geppienon
Silviaxtwit,BebySoSweet
Savior97507328,barengwarga
CahKeren212,ddolppangcweguu
CahKeren212,tempodotco
CahKeren212,soenyotoscm
CahKeren212,OjolNyambi
CahKeren212,udhiens2024
Nyngning,unvolding
Auk_Ai_,Mindra_AZ
BaBiBuBe_GoG,revania__says
BaBiBuBe_GoG,s28437
k3ifirAdan,niwseir
lynciash,daimeeralba
Satrio____,absnthmind
Satrio____,exconstellation
Narnia1212,convomf
Narnia1212,nasiihokben
inverskomposisi,ganjarpranowo
amelcewaw,andre_rosiade
Satrio____,jjanivebluu
Satrio____,absnthmind
Jiwwcoklat,aglimpseofw
masadepannyakth,kring_pajak
amtvNU,Gerindra
amtvNU,andre_rosiade
oliiverrsky,ChenleMenle
oliiverrsky,F4hm1pray
oliiverrsky,manwethegreat
wongraavee,HeartOfEthereal
SiOtakDungu,jessicaijes
jr_boyke,barengwarga
jr_boyke,prabowo
REVifajarani,sinBside
REVifajarani,Variable_7
REVifajarani,lost_an666els
rezkyharyono,FOODFESS2
EuyyNingnang,tanyarlfes
LovelyMen0105,RomeoWalker19
haloOCTA,Widino
SegelasAirJeruk,gg_02022020
syncsthcsia,kunciaan
Farisa_Dh,aewin86
Farisa_Dh,ERaksasa
ftriningsih_,tempodotco
ERaksasa,aewin86
linggafjr,NdoroTedjo
MiRV19Kft,neohistoria_id
MiRV19Kft,sugarbbygrul
MiRV19Kft,W176Y6
GabriellGany,matthewgrok
yynkaaayu,tanyarlfes
juhaiman15,matthewgrok
owireborn,OposisiCerdas
Ind4hMaharani,YouTube
Ind4hMaharani,satriohendri
asampedasikan,arisdhanuu
asampedasikan,dansmurff
paksambo,FOODFESS2
LPMMajalahKetik,Epricila10
DE__JAVU_,PUTRY_NUSANTARA
DE__JAVU_,TurnBackHoax
DE__JAVU_,aribowosasmito
potatokntg,tekarok007
potatokntg,tjang_kang
kretekmantab,tempodotco
UseYour83816067,tanyarlfes
syafi_tawakarun,DrEvaChaniago
victoryngrace,adeleemin
internetmain,Penyuka_ombak
delicatier,intinyadeh
Pis_Cessss03,adeleemin
MadPandazx,tanyarlfes
wongraavee,Detoxistence
fancyspain,adeleemin
frans_surya,bachrum_achmadi
frans_surya,tazkiyah71
frans_surya,NenkMonica
frans_surya,ethadisaputra
frans_surya,BosPurwa
frans_surya,AnggaPutraF
frans_surya,ekowboy2
frans_surya,GeiszChalifah
frans_surya,aniesbaswedan
frans_surya,choymarkochoy
frans_surya,aniesbubble
frans_surya,humaniesproject
sutaduatiga,dawgfromdahood
shitejaa,tanyarlfes
meliksumanandar,geloraco
febrianNayara,PartaiSocmed
kyfzfz,KompasTV
kyfzfz,ruslimuhyidin1
Valcons26,duniabulat5
arindraaa,txtdaritaxpayer
eoneeighty,itsquaileggs
eoneeighty,ardibhironx
eoneeighty,egiargians
jondhez,baeratokki
pegawai_konoha_,enoliska_
anyingpukimak,PartaiSocmed
anyingpukimak,susipudjiastuti
meliksumanandar,KompasTV
nyangmongg,Tan_Mar3M
hang_man90,Dandhy_Laksono
hang_man90,AIM_1N
awemany,NsttRoby
AryPrakasa69,Uki23
AryPrakasa69,CC_Chen28
gyeongwanyu1,neohistoria_id
gyeongwanyu1,got_pirang007
gyeongwanyu1,Migrivata
jepunlembayung,Tan_Mar3M
Maeve_meimei,simacet
Maeve_meimei,legislatweet
jualmpingmlinjo,daniel_rxj
jualmpingmlinjo,ridohafikri
jualmpingmlinjo,humaniesproject
HeriyadiNi,Tan_Mar3M
summerenthu,GadiSenjaaa
summerenthu,ronaldy596
summerenthu,Jancok869192442
awemany,FarrelAb_
Suara_Lambung,Mdy_Asmara1701
Suara_Lambung,arrie71732049
Suara_Lambung,AdamVelcro
qiwtopoki_05,Tan_Mar3M
PUTRY_NUSANTARA,lysavana1
PUTRY_NUSANTARA,DS_yantie
PUTRY_NUSANTARA,Epricila10
PUTRY_NUSANTARA,Sgrdamai
PUTRY_NUSANTARA,arifin34533
PUTRY_NUSANTARA,_memoryusang
PUTRY_NUSANTARA,RaniKancana
PUTRY_NUSANTARA,03__nakula
Yaaarchive,Rocky_Antonie
Yaaarchive,iam_zelt
Yaaarchive,yourcaccc
Yaaarchive,mas_veel
Mashadi37659701,muannas_alaidid
saksimasa,khsypr
Haaa_syim,merapi_uncover
Haaa_syim,logikamystika
kring_pajak,pawrkj
mikisoerad84042,Tan_Mar3M
rhodwyl,jetheazar
cygnovertune,tanyarlfes
DadikjayaS38594,ferizandra
3tios16,Tan_Mar3M
ndhsept,BikinNgamukKamu
ndhsept,saninisaa
Alfdelyn,IrawanRommi
Alfdelyn,bengkeldodo
Alfdelyn,BANGSAygSUJUD
Alfdelyn,Ndons_Back
Alfdelyn,Bank_Joee_
Alfdelyn,Bhar4ta_ja
Alfdelyn,florieliciouss
Alfdelyn,are_inismyname
Alfdelyn,naylaodre
Alfdelyn,Kimberley_PS08
Alfdelyn,99propaganda
juzaseilyboi,HanYooRi_9517
juzaseilyboi,chizuuchiz
juzaseilyboi,velvetthorns_
mosellshocker,nozelism
younjunqq,bacotanmika
besokkitatidur,CImtgr
callmesissy111,gunungdanpantai
ofkarwina,subSMNET
wannafigh,tanyakanrl
blueleaf_96,tanyakanrl
blueleaf_96,yaksokexo
blueleaf_96,tanyakanrl
blueleaf_96,yaksokexo
awemany,kompascom
awemany,GiriTaufik
kring_pajak,josuasinagaaa
dasyafxxx,utasandri
JustCarla9,acelsthingy
JustCarla9,tanyakanrl
pawrkj,kring_pajak
RSudharmad14290,yourcaccc
kring_pajak,josuasinagaaa
gg_02022020,DitjenPajakRI
kring_pajak,NIAGAMASACC
wworldsalty,junhanwavey
zetsupth,barengwarga
fiscnd,meaniemore
IInayaturahmah,PutriKayan16645
IInayaturahmah,woda_johan
IInayaturahmah,msaid_didu
IInayaturahmah,choymarkochoy
IInayaturahmah,yaniarsim
IInayaturahmah,AmaluddinSSili1
IInayaturahmah,Yurissa_Samosir
IInayaturahmah,Boediantar4
IInayaturahmah,Panitia68285950
IInayaturahmah,Gerindra
IInayaturahmah,ay_prakasa2225
IInayaturahmah,nomerorae
zhaoroosy,weiloncg
zhaoroosy,winver
urfaviceteaa,kochengfs
Yaqin96658000,Mdy_Asmara1701
cantik_istri31,susustroberrl
secret_Govermen,erickthohir
secret_Govermen,prabowo
secret_Govermen,bankmandiri
secret_Govermen,erickthohir
secret_Govermen,prabowo
secret_Govermen,bankmandiri
istri_karina,hdsambodo
istri_karina,Kemdiktisaintek
istri_karina,kanghaddy
istri_karina,BosPurwa
istri_karina,itbofficial
istri_karina,prabowo
MusuhMisuh2,grtmassofclr_
MusuhMisuh2,conservathick
MusuhMisuh2,BudiBukanIntel
MusuhMisuh2,BlckRosamund
MusuhMisuh2,cutemistakess
MusuhMisuh2,metanoven
_mpul,DedynurPalakka
sukanyamotor2,barengwarga
sukanyamotor2,Putra28227252
dlsc062023,mrfirdauss
kring_pajak,ciciliaagstn
ardhsta,Migrivata
ardhsta,azka1999
Bravo_munte,barengwarga
Bravo_munte,SusTroo
AwjaywosePhoto,penjagahabait
AwjaywosePhoto,enigmaticdaisy
juyeonboyyf,caramelchoco_2
mangludi,intinyadeh
iBetawijuga,msaid_didu
arundaya__,ochidzzzz
arundaya__,alekdgreat
Maido_cuk,detikcom
CinCind95712,kring_pajak
HanJooRim,tanyakanrl
IrawanRommi,wibisonoys
IrawanRommi,BEMUI_Official
SusTroo,barengwarga
SusTroo,Bravo_munte
SusTroo,barengwarga
SusTroo,Bravo_munte
Ginakyo2,JuraganOpakAsin
Ginakyo2,B4ngDm
Ginakyo2,prabowo
Ginakyo2,msaid_didu
roba_ie,filosofiksi
kleponsambal,Irfan5yah_Putra
nitz_enita,M45Broo_
MusuhMisuh2,BudiBukanIntel
jr_boyke,barengwarga
freya_dresden,tipaa
dannedelionnn,um_fess
me__yudis,ketertibanumum
me__yudis,PNS_Ababil
gearcloudy,barengwarga
awemany,Chamomileyz
kring_pajak,widia_yantiii
herdyeko,shuasvvt
thalsliterature,Dahnilanzar
jeenwonwoo,unicelounge
Ruteman,truckoleng15
Ruteman,NOTASLIMBOY
brnaibeu,saturneusa
hemaviton99,Gerindra
hemaviton99,M45Broo_
hemaviton99,prabowo
gnabfelliax,um_fess
tutup_tapperwer,kring_pajak
zhaoroosy,ejiwoong
oioioi2121,fullmoonfolks
oioioi2121,zenrs
oioioi2121,flapsyourwings
nug198403,detikcom
ArianyWisesa,nobyyi
beaisfreak,FlutterRei
sarjessca,nobyyi
Mashadi37659701,romo_atheistan
lowkeyvaneela,rloldlve
aaenggie,rifkysays
HafidzDjide,Schultzz07
HafidzDjide,ardisatriawan
dndbub,inovaticon
inovaticon,dndbub
amelcewaw,Dahnilanzar
amelcewaw,prabowo
SitiRom05533469,Mdy_Asmara1701
SitiRom05533469,prabowo
amelcewaw,Mdy_Asmara1701
Shfnyu,yooeha
Shfnyu,Jeongcin
dody_fm,Dennysiregar7
INTAC_ID,msaid_didu
ngantuk420341,Schultzz07
ngantuk420341,ardisatriawan
crispypapii,Schultzz07
crispypapii,ardisatriawan
arsyad_a07,JukiHoki
AIM_1N,Schultzz07
AIM_1N,ardisatriawan
leavingthebad,Schultzz07
leavingthebad,ardisatriawan
skynanizu,Eigengrauf
SiOtakDungu,tanyarlfes
SiOtakDungu,prabowo
tunjungutomo,koganenohikari
sunsetrav3n,RezaUnscripted
nobyyi,ahnbaes
DavidHDS1,Schultzz07
DavidHDS1,ardisatriawan
Mashadi37659701,AirinDatangLagi
fiif_ardani,Schultzz07
fiif_ardani,ardisatriawan
elpnmoe,Schultzz07
elpnmoe,ardisatriawan
Byeopn,nattaowat
sturdyright,ganjarpranowo
sturdyright,Jelli_cent
gettovr,thevervela
dwi_ciderman,txtdarimaskael5
Adhi_Beka2,tonybulumanu
Adhi_Beka2,IrawanRommi
Adhi_Beka2,BANGSAygSUJUD
Adhi_Beka2,Ndons_Back
Adhi_Beka2,Alie_Fahnoor
Adhi_Beka2,gtobing2903
Adhi_Beka2,florieliciouss
Adhi_Beka2,are_inismyname
Adhi_Beka2,Kimberley_PS08
Adhi_Beka2,99propaganda
Adhi_Beka2,prabowo
Adhi_Beka2,HASBALL18439385
QuinFarah2,dadan_pardiana
ofkarwina,KusokaPlay
MusuhMisuh2,geqngsi
myungnivers,nayanikana
myungnivers,kring_pajak
myungnivers,Vinandya42
MaliminRinaldi,taosophie
Ginakyo2,shulhirinjani
Ginakyo2,ardisatriawan
masabersiapp,shulhirinjani
masabersiapp,ardisatriawan
laksono25,shulhirinjani
laksono25,ardisatriawan
adeliahuma,DPR_RI
calonnagaichis,arifin34533
marc_8090,IrawanRommi
PebiandiVic,idextratime
argentas58,beefymeaty95
argentas58,um_fess
saerozi63,prabowo
argentas58,iwanfals
cupang_fish,ObiWan_Catnobi
moihuckleberry,wandloeyou
bagus_vidiarto,zhaegive
ArisPriyono_SPd,hrdbacot
cherielcielo,halloyulee
a_fachrie,popezcuu
a_fachrie,PartaiSocmed
cakeynakey,4tahunlulusamin
cakeynakey,tanyakanrl
Sitompoel3,BosPurwa
Mimin_Jelita,CNNIndonesia
CahKeren212,jahterra
captPriceisdead,Benidicvsy
captPriceisdead,popezcuu
captPriceisdead,PartaiSocmed
captPriceisdead,throwsnpe
puttbaek,nucdhis
ucuupppppppp,rubyliows
soedagoeng,ikhwanuddin
Ahel_Himura,P3gEl
kring_pajak,ItonkM27088
kim_lycel,nozelism
hellodxsney,nucdhis
AwannArdyy,nucdhis
kring_pajak,Elizabe27178140
praywibawas,aksarajanma
hendryg85,gimanaagitu
hendryg85,Ndrewstjan
anyingpukimak,KemenkeuRI
anyingpukimak,prastow
yunaeergan,behelmanbacot
Luthfi_nashrul,MarahIchsan
_epanss,praramrandi
AikHoki,anggaandinata
AikHoki,GabRey99
AikHoki,cryptondo
AikHoki,gg_02022020
AikHoki,timothyronald22
AikHoki,kaptencrypto707
AikHoki,Tokocrypto
AikHoki,KenalKripto
AikHoki,hoteliercrypto
coklathangat___,FuzaFirdaus
yuanst,SoundOfYogi
yuanst,beni3bee
shintaeffendi,KakakMade
sepiberbisik,adanginyah
sarangeulhaeta,c0upsrang
sarangeulhaeta,Agakgini
willthesheeple,jahterra
amertaism,VeritasArdentur
PastiNgibul,Marnischaniago2
PastiNgibul,Boediantar4
PastiNgibul,zrep2024
cha_ylah,KAI121
nextzlover,kring_pajak
pinkyellow2303,tanyakanrl
pinkyellow2303,Newbie102000
dibashari,WargaTwit1
dibashari,heriardin
dibashari,_littlewoman13
bawalbakarr,mikhara_
bawalbakarr,KevinNguyeeeen
bawalbakarr,DindaLaw88
Marnischaniago2,PastiNgibul
Marnischaniago2,Boediantar4
Marnischaniago2,zrep2024
_imyoursei,nucdhis
_littlewoman13,WargaTwit1
_littlewoman13,kegblgnunfaedh
_littlewoman13,heriardin
rajakhae,rizkidwika
takBertujuan,tanyarlfes
takBertujuan,OPriyantoro
earlgreypretzel,MistharOzhima
AmiMyg,tanyarlfes
AmiMyg,OPriyantoro
AmiMyg,tomoiikun
twinbims,MenfessUnej
twinbims,kiaralacynda
vinna_dy,daliiverse
fufufafa_real25,tanyarlfes
fufufafa_real25,OPriyantoro
Pixie_Parasols,jahterra
amertaism,karimakayyim
SegelasAirJeruk,mhwnk_
AmiMyg,tanyarlfes
AmiMyg,OPriyantoro
mosellshocker,barengwarga
zaenal7797,tanyarlfes
zaenal7797,OPriyantoro
kring_pajak,ItonkM27088
iHoldSuguru,maktal_212
iHoldSuguru,rinprn7
faithfuldemon_,maghfirare
buble07781139,kring_pajak
PrabuRo30326,f_z_t_r
PrabuRo30326,nucdhis
Pandawa5321,SantorinisSun
elfani_sean,convomf
elfani_sean,noelleonhaart
winterskyapple,pahainonu
winterskyapple,riowhesley
sundusmirr,kring_pajak
noone_n_nobody_,um_fess
noone_n_nobody_,Migrivata
noone_n_nobody_,loeydeep
jeonjkei_,f_z_t_r
jeonjkei_,nucdhis
moihuckleberry,daegazrune
srangkaikata,khatoelistiwa
hannahelijah32,tanyarlfes
hannahelijah32,sweetrumiiiii
YoppiOktavianus,PrabowoMpreg
YoppiOktavianus,KevinNguyeeeen
anyingpukimak,KemenkeuRI
anyingpukimak,ARSIPAJA
tmartcell,kring_pajak
Oktaviainiokta,frz_tmr
Oktaviainiokta,nucdhis
bagusatrios,frz_tmr
bagusatrios,nucdhis
kijeongholic,her11thofjune
f_z_t_r,nucdhis
saturne0us,bloomingrhythm
moonbengek,MeeSweetSuga
lionclown_,N4N60R14N
lionclown_,sixgod_
lionclown_,for_djj127
laejinq85,jnkshn
hannahelijah32,tanyarlfes
hannahelijah32,raapoo_
picknova121,MurtadhaOne1
zetsupth,BudiBukanIntel
zetsupth,gg_02022020
zetsupth,barengwarga
kopet_nyelip,Ghani1011
kopet_nyelip,kegblgnunfaedh
MrChill61971371,tempodotco
GEREJA_CATHOLIC,GuruGembull
ubicilelembut,democrazymedia
Marcode991,NephilaXmus
Marcode991,awemany
NephilaXmus,Marcode991
NephilaXmus,awemany
awemany,Marcode991
awemany,NephilaXmus
venus52311,indodax
venus52311,smartpioneer_Pi
rainenternity,kathleenlilies
dvtrhx,MKBHDKW
hera_hee,tanyarlfes
Fufufafa207,AliMilanisti
Fufufafa207,Jonatan792042
narahakyun,iceumachiato
StefanAntonio__,oposisiplus26
StefanAntonio__,prabowo
oposisiplus26,StefanAntonio__
oposisiplus26,prabowo
pena_kantor,mazantoadeanto
pena_kantor,kangebadut
StefanAntonio__,oposisiplus26
StefanAntonio__,prabowo
jangwonyie,yushr
jangwonyie,maediariku
Vicco_an,hnirankara
aromapetrikorr,txtdarimaskael5
ephyzyy,chuaajii
Ronin_roninan,CatalystStrike
Ronin_roninan,Gerindra
Ronin_roninan,petrabarus
Ronin_roninan,prabowo
Nugrohoisme,PartaiSocmed
KafiKustik,yudhakhel
sparkl_3,baynebaynu
sundusmirr,kring_pajak
bungulism,pompompurrick
pompompurrick,bungulism
Erni483,NgkongRoses
tinytogever_,sparklingnunna
sparklingnunna,santhopia
maybae5_,Bbong19_
sili7et,biewithyonk
biewithyonk,atikaily
parkwinke29,maeilhoonie
irwann_syh,Telkomsel
MAP08LGS,tonybulumanu
MAP08LGS,IrawanRommi
MAP08LGS,BANGSAygSUJUD
MAP08LGS,DarekaRendy
MAP08LGS,mas_veel
MAP08LGS,jokowi
MAP08LGS,gtobing2903
MAP08LGS,G3nX_files
MAP08LGS,prabowo
MAP08LGS,Kimberley_PS08
MAP08LGS,bitCarli77
MAP08LGS,HASBALL18439385
tazkiyaaaaaaaa,dinanunaa
valangdika,karimakayyim
MasmuhMuhaimin,Kanseulir
MasmuhMuhaimin,karel_kurnia
MasmuhMuhaimin,ndoValen
ichsanfauzi6,KompasTV
sedihbangetiya,R302Andeca
rosieozey,freiiblick
Justkodok1,alongaiel
iqbalaiman,callmecalis
iqbalaiman,nagacentil
BknTerlihatKaya,arifin34533
ikan_mainan,abu_waras
VCHIHASARADA,cheershby
nonayenaje59948,karimakayyim
hari_bdl,karimakayyim
Dedy44169434,Epixurus8
Dedy44169434,saiful_mujani
sulung_cs,karimakayyim
kring_pajak,Dipinggir_jalan
karimakayyim,Anarchy_136
FstrongW,VeritasArdentur
kring_pajak,anhanndd
kring_pajak,_yjwcat
JosdeDraak,kokoteknikal
kring_pajak,anhanndd
gethzhow,DitjenPajakRI
gethzhow,kring_pajak
gethzhow,kring_pajak
acsivd,IYouvita
aswinsuharsono,pandji
rdhn333,FelixSGL1
AhzaSadya,KaredokLeunca__
AhzaSadya,prabowo
pesertapeninjau,dandankokoro17
SnuggleGlade,Autumntinted
Ashanskar,rayakansemesta
godstham,wetwickdd
gg_02022020,arya_pradana
gg_02022020,Manusyaaaalah
HijauAkar,mamadarling2021
HijauAkar,Langitponpel_19
simteck48,titiknol_jogja
acsivd,vio3easy
acsivd,CryptBrice
sedushedone,angewwie
seniberkatakata,prabowo
7ddlyysinss,meutiafaradilla
gitarherooo,lukman_huta
gitarherooo,siregar_najeges
nrfachri,yovst1
khalidmoeslim,prabowo
talkharisma,abdimuda_id
talkharisma,ASN_UnderCover
elenoktaviaaa,rubricahan
akhmadsm_181120,IndoPopBase
mugglew1nss,mosellshocker
mugglew1nss,asalotauyade
uteschnitzel,TOLOISTY
salwaceria,hndtawkwkw
StefanAntonio__,umitatDlanor24
SnuggleGlade,startillate
traventhusiast,KuntoAjiW
hobaeworld,blisonny
DanielSagi1,CNNIndonesia
DanielSagi1,Dhedy_Pro
djayadiuurip1,jokowi
djayadiuurip1,BosPurwa
djayadiuurip1,prabowo
SitiRom05533469,KemenkeuRI
SitiRom05533469,democrazymedia
SitiRom05533469,JatimPemprov
SitiRom05533469,DPR_RI
SitiRom05533469,KhofifahIP
SitiRom05533469,prabowo
GarizLuruz,wong_w4r4s
GarizLuruz,StefanAntonio__
GarizLuruz,prabowo
tunakoya,convomf
poezay,deryansyah
poezay,Trystanto2
poezay,und_cuckoosnest
StefanAntonio__,wong_w4r4s
StefanAntonio__,prabowo
DanielSagi1,BosPurwa
nobnob890,farhan_journal
nobnob890,fuckphysic
AchmadMichtah,H1m4_W4r1
AchmadMichtah,Epricila10
AchmadMichtah,KikeHermawan
MaydayMisfit,mattchuprincess
suohayatc,wave2eartch
suohayatc,HanniiJeanzZ
jarethaus,velsandrar
wannafigh,Goonddrong
pegawai_konoha_,Hiemuzaaa
pegawai_konoha_,CNNIndonesia
IrawanRommi,anakodok2009
B_dzoel,jokowi
B_dzoel,prabowo
StefanAntonio__,umitatDlanor24
StefanAntonio__,jokowi
StefanAntonio__,bang_dasco
StefanAntonio__,prabowo
Dreamcather84,DitjenPajakRI
Dreamcather84,kring_pajak
StefanAntonio__,umitatDlanor24
StefanAntonio__,bang_dasco
StefanAntonio__,prabowo
Sabanafrdckn,kring_pajak
prajnamu,hariankompas
prajnamu,prabowo
prajnamu,yanuarnugroho
Mieju,jaemain
EndlessSorcerer,ardisatriawan
ichsanfauzi6,Ndrewstjan
DedeKur72671069,BosPurwa
some1orthing,yourgirlbabee
BedahSkripsi,melankyolia
areumdvwn,EAJPARKIAA
apaajadahaha,jokowi
apaajadahaha,BosPurwa
apaajadahaha,ereniyegaa1es
QuinFarah2,BudiBukanIntel
QuinFarah2,akbarfaizal68
QuinFarah2,unbonboys
DedeKur72671069,prastow
DedeKur72671069,islah_bahrawi
Mimbloon,NataliusPigai2
Namibia_baru,Duren___
reprimantum,NataliusPigai2
adriaInsight,johyunisourbae
adriaInsight,UGM_FESS
adriaInsight,Orenjiqi
akuntwiter968,TheEagle_BEN
akuntwiter968,ListyoSigitP
akuntwiter968,prabowo
RerereStrong,karirfess
RerereStrong,zeiqm12
verdemiura,ikhwanuddin
syahrajul1,AgusYudhoyono
syahrajul1,Heraloebss
syahrajul1,gibran_tweet
syahrajul1,SBYudhoyono
syahrajul1,jokowi
syahrajul1,prabowo
zeiqm12,RerereStrong
zeiqm12,karirfess
chilucuu,ardisatriawan
StrwberrySache,NataliusPigai2
dumplingg222,vanssainz
ganjaransejati,CNNIndonesia
kafkahi8,neohistoria_id
kafkahi8,dlbch
Kemanggisan_DKI,bahlillahadalia
Kemanggisan_DKI,CNNIndonesia
Kemanggisan_DKI,kompascom
Kemanggisan_DKI,Bisniscom
Kemanggisan_DKI,prabowo
Kemanggisan_DKI,Strategi_Bisnis
MuammarNst84,ZUL_Hasan
MuammarNst84,prabowo
katanashihotaru,randygoh
ur_eternalbliss,rmol_id
ur_eternalbliss,teukufathuredwr
pegawai_konoha_,DitjenPajakRI
pegawai_konoha_,txtdaritaxpayer
cupang_fish,SillyActions
cupang_fish,tanyakanrl
dikkidoz,PNS_Ababil
AlwaysWithSing,uput23
notme6540632835,barengwarga
Mieju,kyoucgbae
keliklikin,prabowo
jujursikasian,suisentaur
jujursikasian,klaukezia
jujursikasian,shienlyliong
jujursikasian,momochaamm
jujursikasian,Kopipedia_
jujursikasian,asahinasae
jujursikasian,miomawla
jujursikasian,rereweee
jujursikasian,Crimson_host
Ronjuror,bumblesupremacy
g_gjw,JhonSitorus_18
Legislator75,AliminHerman
Legislator75,03__nakula
kawan_senja,is_deis
kawan_senja,ardisatriawan
kring_pajak,minethereale
Fajar_al_fakir,setiadjit
Fajar_al_fakir,kompascom
elfardeyhaq,eRifqi
fufufafagnarly,bang_dasco
fufufafagnarly,Uki23
fufufafagnarly,gibran_tweet
fufufafagnarly,realfedinuril
WisanggeniLagi,GunRomli
Legislator75,Gerindra
Legislator75,abu_waras
Bhar4ta_ja,msaid_didu
KANGKOMENJKT,kompascom
saluutnihh,txtdaritng
Pandawa5321,geloraco
kring_pajak,frezifresh
ayomicchi,zakiberkata
sound_of_dboys,beautydyah
R_PradanaNEW,minnaypon
ar_hman,msaid_didu
Ricky_Jeo,kompascom
Pandawa5321,DivHumas_Polri
GGMU315,lelahbangetz
GGMU315,nunuwdy
GGMU315,enoliska_
GGMU315,enoliska_
Arimj1993,noegrahaha
Arimj1993,ARSIPAJA
Arimj1993,cordeeIia
taktumbang17968,Gerindra
taktumbang17968,bang_dasco
taktumbang17968,KementerianESDM
taktumbang17968,prabowo
m_saiful_arif12,NenkMonica
haiadem,ARSIPAJA
seongminf,simjaleyun
seongminf,leeheeseunn
Sutan_siagian,PartaiSocmed
sawiputihtelor,Mdy_Asmara1701
sawiputihtelor,bahlillahadalia
teatree917,Gerindra
teatree917,bang_dasco
teatree917,KementerianESDM
teatree917,prabowo
SalmaNafeelah,JhonSitorus_18
harrwto,jaemimpi
railgunvelocity,ARSIPAJA
railgunvelocity,devprinceps
JubeBellingham,Dandhy_Laksono
JubeBellingham,Kawula_alit
AIADigibuy,ARSIPAJA
AIADigibuy,prabowo
rdhn333,sgkxt
rdhn333,PrasetyaNanda20
rdhn333,prabowo
wasleee,BudiWaludin
wasleee,PelatihT1dur
BMRORAA,ssunwuo
andy_dodot,Gerindra
andy_dodot,bang_dasco
andy_dodot,KementerianESDM
andy_dodot,prabowo
dody_fm,mohmahfudmd
syueb2011,03__nakula
Saimsib,txtdaritng
anyingpukimak,KemenkeuRI
anyingpukimak,abu_waras
Saimsib,Dwynna_Win
Areaarsenal,Mdy_Asmara1701
Areaarsenal,bahlillahadalia
Areaarsenal,tempodotco
2dibukaB,rmol_id
djayadiuurip1,RomitsuT
samin_tul,cnbcindonesia
giyjyny,NyaiNeneng
ericko_sinuhaji,alfathindonesia
ericko_sinuhaji,bang_dasco
giyjyny,puanmaharani_ri
tRawDam,bang_dasco
tRawDam,Agust2005
tRawDam,KementerianESDM
tRawDam,Gerindra
tRawDam,prabowo
tRawDam,Alam_Malam70
herwatoe,bang_dasco
ArezReja,aromapetrikorr
herwatoe,KangManto123
MikaelHaem,AzzamIzzulhaq
MikaelHaem,KelikWahyudian1
wiedwiedd,ardisatriawan
syueb2011,bang_dasco
syueb2011,DitjenPajakRI
syueb2011,prastow
syueb2011,KementerianESDM
syueb2011,Gerindra
syueb2011,prabowo
NyoenWulandari,TomoroArenLatte
NyoenWulandari,kekapasih
BillArqam,IndoPopBase
namtacha,alfathindonesia
namtacha,bang_dasco
namtacha,arsdfbrian
herwatoe,narkosun
QadiIbnu,Qonit19
QadiIbnu,molidahm
QadiIbnu,ezash
herwatoe,Duren___
vivchess,donuttmatcha
gogo74070675957,DavidWijaya82
keripik25,adedenis_
twkongko,unilubis
twkongko,Endah_enen
asepnolimit,wansrosadi
asepnolimit,ardisatriawan
DavidWijaya82,SantorinisSun
haienggal,kumparan
hadianihamami,ardisatriawan
TianaaEva,Honorertwetter
theyeagergirl,rzleareinn
opungilman,karimakayyim
_owh_gitu_ya_,convomf
_owh_gitu_ya_,hazelnutkyu
_owh_gitu_ya_,oceansskys
radianbp,barengwarga
iM_BoTTT,tham878
inershias,unhonourableson
paperringed,univrs__
amelcewaw,toe_giman
amelcewaw,Belangtiga
hzbarkan,oatsugarhoney
oldnewbuddy,sahaetaanjink
oldnewbuddy,RezaUnscripted
oldnewbuddy,blueordinari
cilubatupakhaji,txtdrimedia
kamle1n,qsxrsaz
kamle1n,sourvive
BongCloud539123,Miko_nglad
BongCloud539123,PngAdilnR4kyt
carulabloom,jianwwbn
lenteqra,sexieyt
pandhandutt,TOM5helby
Unknown31539924,irmajuan242834
Unknown31539924,prabowo
Unknown31539924,capricorn_mrvin
araysha03,sosmedkeras
GEREJA_CATHOLIC,ARSIPAJA
GEREJA_CATHOLIC,prabowo
masi_gui,kdrama_menfess
masi_gui,cicibercuit
GEREJA_CATHOLIC,GuruGembull
GEREJA_CATHOLIC,prabowo
rainyreiiz39,terpamungkas
si4riNew,tham878
hanabi867,StefanAntonio__
hanabi867,pulupulumiaw
mozukic,wibukalcer
kwakamitomie,HumorJonTampan
kwakamitomie,ch_chotimah2
kwakamitomie,abdimuda_id
kwakamitomie,Mata_Netizen62
kwakamitomie,JhonSitorus_18
kwakamitomie,Cintada16
kwakamitomie,Anak__Ogi
kwakamitomie,2TRafiS1
kwakamitomie,AntoniusCDN
kwakamitomie,GM_Warrios
kwakamitomie,alamtegarrrr
kwakamitomie,dcristnugroho
mangOsteen_pop,DS_yantie
yuandayb,HeyIndonesian
yuandayb,exconstellation
kabian76,Mdy_Asmara1701
enujstr,kring_pajak
nattanoraa,mfs_ub
rickyadamp,CareIM3
rickyadamp,YunusMuham2252
matnaetic,ImosyenelOrenji
happyme119,drlrst
happyme119,semesta_han
JadwalBimbingan,azzlyzaa
itsachia,azzlyzaa
itsachia,tidaklvcv
carockroro,valen92677
carockroro,toe_giman
carockroro,TongTji789
ambitvious,strawberrysasea
ambitvious,emilmarioo
ambitvious,iniakunsapasi
tapsiteai,ikhwanuddin
makimaisdead,kring_pajak
OakenStakee,handthatfeed5
mandaro_alam,KangSemproel
Sulhan04,convomf
Sulhan04,AyenBukanOyen
nlavishly,tanyakanrl
nlavishly,fafasa_
AndreasAbdianto,hemaviton99
AndreasAbdianto,prabowo
AndreasAbdianto,STresnowati1
amelcewaw,tempodotco
GiftedMinpda,11769am
GiftedMinpda,YogiCubarsi
kring_pajak,Kresnawati15
jinxyuann,convomf
Fern9907,tanyarlfes
Fern9907,senengjjn
Fern9907,LadyKpop89905
saputroofjngrh,kring_pajak
HeyIndonesian,ZaviKhaerul
HeyIndonesian,JackVardan
frizzaidan,Chamomileyz
frizzaidan,unnaaa1234
frizzaidan,unmagnetism
frizzaidan,PenaltySZN
frizzaidan,iamevasetiyawan
fauziahmd_enk,alergikiwi
EuyyNingnang,tanyarlfes
EuyyNingnang,fufufafa_jelek
akunasbun,tanyakanrl
youuxra,astromenggs
akunugrahaa,utdfocusid
krupukceker,Potelot_mabur
jjjuuusthing,convomf
menumpahkan,HaitaniRansgirl
AlexandraNg1991,Duren___
AlexandraNg1991,yurcukucuk
AlexandraNg1991,rafiiriyanto
AlexandraNg1991,TxC_Leonard
AlexandraNg1991,Stelarium___
Stelarium___,yurcukucuk
Stelarium___,Duren___
Stelarium___,rafiiriyanto
Stelarium___,TxC_Leonard
Stelarium___,AlexandraNg1991
terdimple,DOAIBU1000
gutenmorgan,paduttungi
gutenmorgan,ARSIPAJA
nisrinaakr,hikstologi
pistoiamarliana,agh___
bontengatah,hwistoria
bontengatah,nowdlle
selenamaulana,999o7i
selenamaulana,Syllovescat
ArifLabMed,intinyadeh
iM_BoTTT,NenkMonica
kataagayaw,anggaarsk
ldhgirlfie,tanyarlfes
cheecize,fwaiwyy
telornetas,banjarbase
AmeliaFitri648,Novitayulianaaa
SepuntungRokok,stockmapping
SepuntungRokok,mbaupeh
chaposucksss,psi_id
chaposucksss,gimmehugplease
tetehbluu,arif_islahudin
tetehbluu,bumbleeeeeebeee
tetehbluu,nirpaedah
Redgerbil5,stockmapping
_owh_gitu_ya_,salsabila__ayu
sadili69920,__AnakKolong
Farariram,knpharuspeduli
beecruize,tanyarlfes
beecruize,calonnmuuu
sofie_rr,helmi_stbd
sofie_rr,bengkeldodo
sofie_rr,AffaRachmadi
AffaRachmadi,bengkeldodo
AffaRachmadi,helmi_stbd
AffaRachmadi,sofie_rr
DwiSufianto,Dandhy_Laksono
DwiSufianto,kotahujansore
measme99,tanyakanrl
kring_pajak,alvin_112002
ArangMembara,tanyakanrl
masbrojoll,tanyarlfes
masbrojoll,calonnmuuu
itsmomsecret,tanyarlfes
itsmomsecret,calonnmuuu
kookooruyuk_,N4SIPADAN9
happyme119,tanyarlfes
happyme119,ayiwangi
dorkamell,yellowpiicture
dorkamell,yourxanny44
dorkamell,kentangg_tumbuk
kailen72,tanyarlfes
chhaan__,pengincumlaude
kentotboyy,N4SIPADAN9
kentotboyy,26Aphr
ChocoPinkGirl,nozelism
ChocoPinkGirl,kucingbesar90
tanakamaitoz,naurrvari
calonnmuuu,tanyarlfes
isnthingmore,narasitv
leejngf,jaiiibruv
amiwulandari73,unmagnetism
amiwulandari73,mastin_guud
amiwulandari73,patrick
chizznanda,ardisatriawan
oppenheimher,virdikaa
Multatulii_,prabowo
MRahayuna,joawop
footycinephile,AdyaParamita
johnedan9988,realestnathan
kring_pajak,xixiyourbae_
Airdropfnder,Gerindra
LMFAIQ,Mosthafavi
gutenmorgan,tempodotco
morecaffeins,tanyarlfes
morecaffeins,perkcy12
milkybunny111,BosPurwa
andzhrp,tanyakanrl
meliksumanandar,democrazymedia
seungkwaein,idizsnew
Hant_Sparrow,tanyarlfes
Hant_Sparrow,jeyjoy69
Hant_Sparrow,tanyarlfes
Hant_Sparrow,jeyjoy69
0xprame,KentLavis
_byeongalien_,40143_
Perjoeangan78,fxmario
DMieaceh80579,hnirankara
Saimsib,aromapetrikorr
weltpyang,barengwarga
weltpyang,YLBHI
weltpyang,TrendAsia_Org
weltpyang,KontraS
herry_Pratama,0jenry1
seobholic,kerajaantikus
seobholic,volarcrypto
iBetawijuga,gg_02022020
INDR@_donxs,RagilSemar
austemn,KemenperinRI
austemn,prabowo
luneadorn,Eprhemeral
RudyCahyon37382,ohmuji1
RudyCahyon37382,ardisatriawan
frans_surya,PDI_Perjuangan
natasha_saja,realfedinuril
natasha_saja,barengwarga
secret_Govermen,Mdy_Asmara1701
Legislator75,ardisatriawan
DalangJiwo,RezaUnscripted
souulberry,NasbiHasan
Earthwithoutyou,belomapan
Earthwithoutyou,pandji
DeManiacJoe,idextratime
vivalavida_rn,juumenji
sahbadi,semutbukanbuaya
sahbadi,nenx_kuchienx
argentas58,chupachupsbabol
tiannn_bk,KangManto123
SeriDianawati,nak_Negeri
SeriDianawati,PDI_Perjuangan
SeriDianawati,jokowi
amelcewaw,NenkMonica
MasQomaru,fauzaanatmaja
gearcloudy,999nokitaro
riyansetya,AbdeeNegara
riyansetya,prodvokatif
riyansetya,ridhohafiedz
riyansetya,topengmonyet
riyansetya,slankdotcom
riyansetya,fishGOD
widj_wuming,PaltiWest
sigitpurnomo_98,The_RedsIndo
SeriDianawati,feroferraferri
Sunshine41291,elisa_jkt
INTIHARRY,NarasiNewsroom
SeriDianawati,pdip
muhamadrdani,logos_id
1rfani,hrdbacot
1rfani,AgusCan_75
SeriDianawati,PDI_Perjuangan
SeriDianawati,Ari3Ghozi
s3mpurna,AbdRach22412480
s3mpurna,elisa_jkt
s3mpurna,CahKeren212
s3mpurna,Gerindra
s3mpurna,Ginakyo2
s3mpurna,prabowo
frans_surya,InginBebas6
muhamadrdani,kucinggyatt
muhamadrdani,syabuhachi
miniapinpalli,Ololehomask02
miniapinpalli,NyemilQ
miniapinpalli,CocoAgain98
miniapinpalli,elisa_jkt
miniapinpalli,CahKeren212
CahKeren212,AbdRach22412480
CahKeren212,elisa_jkt
CahKeren212,Gerindra
CahKeren212,Ginakyo2
CahKeren212,prabowo
RioOchou,CahKeren212
RioOchou,elisa_jkt
RioOchou,CahKeren212
RioOchou,elisa_jkt
CahKeren212,atm0stphere
CahKeren212,nopskyyy
CahKeren212,rollersk8erboi
RioOchou,CahKeren212
RioOchou,elisa_jkt
CahKeren212,NyemilQ
CahKeren212,Ololehomask02
CahKeren212,CocoAgain98
CahKeren212,elisa_jkt
jeff23greenwood,kermitanto
jeff23greenwood,Rezasjahrizal
jeff23greenwood,acarbiawak
RioOchou,CahKeren212
RioOchou,elisa_jkt
CahKeren212,elisa_jkt
CahKeren212,ferizandra
CahKeren212,RioOchou
CahKeren212,elisa_jkt
Zaindamai,elisa_jkt
loopseey,realfedinuril
frans_surya,Kanseulir
frans_surya,Yens0906
heyho9584455737,tanyarlfes
Widyawa64704930,pelti_nih
djayadiuurip1,Mdy_Asmara1701
ashhabina,mardigu024
CahKeren212,itsquaileggs
CahKeren212,Ozfreaks_
CahKeren212,cimbulpamungkas
CahKeren212,realfedinuril
Majinterra2008,Toni7216
Majinterra2008,realfedinuril
conejalanraya,wordareaa
widj_wuming,desmondwira
ardi_wm,erasmus70
ardi_wm,prabowo
widj_wuming,wandystjk2
fromuchitama,canikissuonce
fromuchitama,screampandaxx
fromuchitama,Devainvisible
fromuchitama,myrzalm
vicko_twitt,rvviz7
udennamaku,neVerAl0nely___
pulicikucing,ZoneVenomWar
pulicikucing,PejuangReceh167
pulicikucing,Turu748392
BambangGuritno7,hrdbacot
FathurR85888350,detikcom
fitri99187,GowtherXYZ
itsUi_Adoryan,BudiBukanIntel
G_VanyJKT48,Devanoar
G_VanyJKT48,ARSIPAJA
G_VanyJKT48,brainlotca45261
morecaffeins,jondhez
morecaffeins,Muklisabdulla12
neo_k00k33,arman_dhani
siapainiwoiii,tanyarlfes
kareninapark,jondhez
kareninapark,Fajar_Achmad_
kareninapark,Muklisabdulla12
kodokunoshinja,jondhez
kodokunoshinja,Muklisabdulla12
KuroKaitou,jondhez
KuroKaitou,Muklisabdulla12
bejowish,jondhez
bejowish,Muklisabdulla12
Jaremuwes,Wanatabea
PakeJari,malagreta
alfian_fdn,catuaries
Knightmetal1,jondhez
Knightmetal1,Muklisabdulla12
Yellow1490,maelokak
Yellow1490,lilaccountz
riyansetya,AdibHidayat
dinris15,tanyarlfes
dinris15,sunrisehunt
dinris15,Ringerlactate
blakckaisre,moviemnfs
blakckaisre,adolphmatherss
bonibonifahza,liputan6dotcom
pegawai_konoha_,gilanguage
pegawai_konoha_,kemenhut_ri
JPGunarto,riekediahp
JPGunarto,polisiolahraga
hewllopanda,loeych
YanAndreas5,kompascom
JPGunarto,aminudazis
JPGunarto,PNS_Ababil
tribunpontianak,tribunnews
Balola72,NOTASLIMBOY
kring_pajak,DitjenPajakRI
kring_pajak,rayakrisna788
kring_pajak,Sareve4
sudigyo_digdo,AndiRustam65083
sudigyo_digdo,GERWANIDYKE
sudigyo_digdo,FoxycatJjunie
lollipark,kikippe
joi2049joi,PNS_Garis_Lucu
TelurDadarYa,PNS_Garis_Lucu
ahmadinahrul,emgininamakuu
misuhmasyarakat,BuruhSiluman
lychee_syrups,babufess
lianiagain,hhhgatau
KenapaGwWNI,oguryy
slhinys,kylogrms
yeosseoji,danicdanic
PakeJari,Tobias744
PakeJari,mbok_tani
PakeJari,kokomkomsari08
aisellemi,embunbunpagi
YuanRyu_,loaharang
YuanRyu_,intinyadeh
YuanRyu_,FRD_sply
qwertyzdf,nabiylarisfa
AAlcandor40415,pigupy
ferrykoto,barengwarga
ferrykoto,filosofiksi
CahKeren212,BeeetheBoss
CahKeren212,ArifinJafar3
CahKeren212,setkabgoid
CahKeren212,KemensetnegRI
CahKeren212,__AnakKolong
CahKeren212,prabowo
syueb2011,M45Broo_
hendra_su31,nekotodayn
hendra_su31,ardisatriawan
hantu_buta,turfaul
fadilahrobi,LalajoPersib
enoliska_,d_bravee
CahKeren212,aniesbaswedan
CahKeren212,nanabinhariyati
CahKeren212,REDJA96
CahKeren212,salmanitb
lonewolfguyyyy,BudiBukanItil
fupufafa,Gerindra
fupufafa,amareguzel
fupufafa,Kemenag_RI
kring_pajak,exofspace
bamgyuup,pailiiu
zaynestrawberry,mep_mephisto
dinris15,Flashdllah
RunIvor,KemenkeuRI
RunIvor,txtdaritaxpayer
spiceydumpie,pumkimak
spiceydumpie,xaiueoax
spiceydumpie,wheeskei
spiceydumpie,vaxxsh
spiceydumpie,ultrramlktaro
NurAzizahSyawal,solehsolihun
dopL77,ngiungiungiu_
SegelasAirJeruk,hammybrownsugar
Tabrahamicon,Nidacattycatty
Tabrahamicon,dhemit_is_back
dhemit_is_back,Nidacattycatty
dhemit_is_back,Tabrahamicon
dhemit_is_back,Nidacattycatty
dhemit_is_back,Tabrahamicon
kring_pajak,Elizabe27178140
indieeds,Nasroel_Pm
gyoza_rinn,NaughtyRabbith_
va7ent,masabersiapp
saerozi63,BarisanPemudaRI
saerozi63,prabowo
CahKeren212,NiehandsW
CahKeren212,MuhadklyAcho
CahKeren212,adnardn
CahKeren212,Tangerinenz
CahKeren212,prabowo
FronteraFamily,awubyy
Dandhy_Laksono,ZaviKhaerul
alf_fkr,kring_pajak
pjnkerbell,kring_pajak
rempeyek_kcng,Donquixote_ricx
rempeyek_kcng,dandankokoro17
Detoxistence,Juyeonc
Detoxistence,Juxyeo
FrustRayhan,ARSIPAJA
mommocheese,kring_pajak
joekampret1,detikcom
PakeJari,Kazze__
Mendoan234,idextratime
txcntr,kring_pajak
111royalcupid,bettersweaat
irvinaffandi66,txtdaritaxpayer
DMieaceh80579,faridhcrb
DMieaceh80579,tedy_bambang
DMieaceh80579,ninja_neonn
cenilandpentol,medanperan
sunoooni,iriwoc
Mhd_IrfanW,kegblgnunfaedh
legolas132177,King_SpeakUp
Mashadi37659701,antilalat
alf_fkr,kring_pajak
alf_fkr,kring_pajak
DMieaceh80579,abu_waras
DMieaceh80579,mandaro_alam
endiiel,AgusMagelangan
endiiel,caturnonk
endiiel,ShiranuiMit
endiiel,frisaice
rerisabariah1,isomovingon
rerisabariah1,foliskincalters
rainaxagoras,mochipoca
